platform,evidence_kind,legacy_route,source_pattern,category,target,mapping_key,fallback,risk,source
Web,登记路由,/,/,品牌首页,S（待实现）,登记 profile,H + 承接说明,Station 路由尚未合并,https://github.com/e-dialect/hinghwa-dict-web/blob/8f4a6b67fac6fc171744cdc1c874c689b45b883d/src/router/index.js#L9
Web,登记路由,/Home,/Home,品牌首页,S（待实现）,登记 profile,H + 承接说明,Station 路由尚未合并,https://github.com/e-dialect/hinghwa-dict-web/blob/8f4a6b67fac6fc171744cdc1c874c689b45b883d/src/router/index.js#L13
Web,登记路由,/About,/About,关于,S 的关于说明（待实现）,品牌文案与来源,H,公开品牌说明待评审,https://github.com/e-dialect/hinghwa-dict-web/blob/8f4a6b67fac6fc171744cdc1c874c689b45b883d/src/router/index.js#L18
Web,登记路由,/music,/music,历史音乐,未接入说明,音乐来源 / 权利；当前不支持,S → H,旧 /pages/music 未登记，桥接不证明可用,https://github.com/e-dialect/hinghwa-dict-web/blob/8f4a6b67fac6fc171744cdc1c874c689b45b883d/src/router/index.js#L26
Web,登记路由,/search,/search,搜索,Q,key / keywords；旧 index scope,Q 空查询 / S → H,旧文章和字音范围不等价于 Entry 搜索,https://github.com/e-dialect/hinghwa-dict-web/blob/8f4a6b67fac6fc171744cdc1c874c689b45b883d/src/router/index.js#L31
Web,登记路由,/login,/login,认证,/pages/login/login,当前统一身份；不透传旧凭证,通用登录 / H,身份 cutover 由 #443 / #431 单独验收,https://github.com/e-dialect/hinghwa-dict-web/blob/8f4a6b67fac6fc171744cdc1c874c689b45b883d/src/router/index.js#L38
Web,登记路由,/register,/register,认证,/pages/login/register,当前统一身份；不透传旧凭证,通用登录 / H,身份 cutover 由 #443 / #431 单独验收,https://github.com/e-dialect/hinghwa-dict-web/blob/8f4a6b67fac6fc171744cdc1c874c689b45b883d/src/router/index.js#L43
Web,登记路由,/forget,/forget,认证,/pages/login/forget,当前统一身份；不透传旧凭证,通用登录 / H,身份 cutover 由 #443 / #431 单独验收,https://github.com/e-dialect/hinghwa-dict-web/blob/8f4a6b67fac6fc171744cdc1c874c689b45b883d/src/router/index.js#L48
Web,登记路由,/articles,/articles,历史文章 / 编辑 / 评论,未接入说明,文章来源键；comment 与 article 分开；当前不支持,S → H / 用户主动 Q,不能映射 Entry；编辑需重新鉴权；正文权利待确认,https://github.com/e-dialect/hinghwa-dict-web/blob/8f4a6b67fac6fc171744cdc1c874c689b45b883d/src/router/index.js#L54
Web,登记路由,/articles/create,/articles/create,历史文章 / 编辑 / 评论,未接入说明,文章来源键；comment 与 article 分开；当前不支持,S → H / 用户主动 Q,不能映射 Entry；编辑需重新鉴权；正文权利待确认,https://github.com/e-dialect/hinghwa-dict-web/blob/8f4a6b67fac6fc171744cdc1c874c689b45b883d/src/router/index.js#L59
Web,登记路由,/articles/:id,/articles/:id,历史文章 / 编辑 / 评论,未接入说明,文章来源键；comment 与 article 分开；当前不支持,S → H / 用户主动 Q,不能映射 Entry；编辑需重新鉴权；正文权利待确认,https://github.com/e-dialect/hinghwa-dict-web/blob/8f4a6b67fac6fc171744cdc1c874c689b45b883d/src/router/index.js#L65
Web,登记路由,/articles/edit/:id,/articles/edit/:id,历史文章 / 编辑 / 评论,未接入说明,文章来源键；comment 与 article 分开；当前不支持,S → H / 用户主动 Q,不能映射 Entry；编辑需重新鉴权；正文权利待确认,https://github.com/e-dialect/hinghwa-dict-web/blob/8f4a6b67fac6fc171744cdc1c874c689b45b883d/src/router/index.js#L71
Web,登记路由,/users/certificate/:id,/users/certificate/:id,用户历史贡献 / 证书 / 私人列表,映射后的公开用户详情；本人 ME,auth_user → auth.User；相关内容键,本人 ME / 公开访客 S → H,身份不能猜测；证书与历史行为未全部迁移,https://github.com/e-dialect/hinghwa-dict-web/blob/8f4a6b67fac6fc171744cdc1c874c689b45b883d/src/router/index.js#L78
Web,登记路由,/users/:id,/users/:id,用户公开资料,/pages/users/details?id=<已核验 V2 ID>,auth_user → auth.User；仅内部核验,S → H,不公开身份映射敏感数据,https://github.com/e-dialect/hinghwa-dict-web/blob/8f4a6b67fac6fc171744cdc1c874c689b45b883d/src/router/index.js#L84
Web,登记路由,/settings,/settings,账户设置,已登记的通用账户设置（含 telephone）,当前登录主体；无旧 ID 透传,ME,手机号修改仍须验证当前身份；不消费旧 token,https://github.com/e-dialect/hinghwa-dict-web/blob/8f4a6b67fac6fc171744cdc1c874c689b45b883d/src/router/index.js#L90
Web,登记路由,/notification,/notification,消息列表 / 详情 / 发送,/pages/mails/index；旧详情未接入说明,旧 message / user 独立键（缺少）,消息列表 / ME,旧 ID 不能用于新消息；不自动发送,https://github.com/e-dialect/hinghwa-dict-web/blob/8f4a6b67fac6fc171744cdc1c874c689b45b883d/src/router/index.js#L95
Web,登记路由,/rewards,/rewards,积分 / 兑换 / 订单 / 管理,ME 的迁移说明（待实现）,商品 / 订单 / 交易独立键；当前不支持,ME / H,无自动兑现承诺；管理动作重新鉴权,https://github.com/e-dialect/hinghwa-dict-web/blob/8f4a6b67fac6fc171744cdc1c874c689b45b883d/src/router/index.js#L101
Web,登记路由,/rewards/detail/:id,/rewards/detail/:id,积分 / 兑换 / 订单 / 管理,ME 的迁移说明（待实现）,商品 / 订单 / 交易独立键；当前不支持,ME / H,无自动兑现承诺；管理动作重新鉴权,https://github.com/e-dialect/hinghwa-dict-web/blob/8f4a6b67fac6fc171744cdc1c874c689b45b883d/src/router/index.js#L106
Web,登记路由,/admin/rewards,/admin/rewards,积分 / 兑换 / 订单 / 管理,ME 的迁移说明（待实现）,商品 / 订单 / 交易独立键；当前不支持,ME / H,无自动兑现承诺；管理动作重新鉴权,https://github.com/e-dialect/hinghwa-dict-web/blob/8f4a6b67fac6fc171744cdc1c874c689b45b883d/src/router/index.js#L112
Web,登记路由,/rewards/transactions,/rewards/transactions,积分 / 兑换 / 订单 / 管理,ME 的迁移说明（待实现）,商品 / 订单 / 交易独立键；当前不支持,ME / H,无自动兑现承诺；管理动作重新鉴权,https://github.com/e-dialect/hinghwa-dict-web/blob/8f4a6b67fac6fc171744cdc1c874c689b45b883d/src/router/index.js#L117
Web,登记路由,/wordlist,/wordlist,词单列表,/pages/collections/index,无对象键,S → H,新列表不代表旧词单已迁入,https://github.com/e-dialect/hinghwa-dict-web/blob/8f4a6b67fac6fc171744cdc1c874c689b45b883d/src/router/index.js#L123
Web,登记路由,/wordlist/editor,/wordlist/editor,词单详情 / 编辑,C（仅有审计映射时）；当前未接入说明,旧词单 → Collection（未建立）,S → H / 用户主动 Q,禁止同数字 ID；编辑需权限,https://github.com/e-dialect/hinghwa-dict-web/blob/8f4a6b67fac6fc171744cdc1c874c689b45b883d/src/router/index.js#L128
Web,登记路由,/wordlist/:id,/wordlist/:id,词单详情 / 编辑,C（仅有审计映射时）；当前未接入说明,旧词单 → Collection（未建立）,S → H / 用户主动 Q,禁止同数字 ID；编辑需权限,https://github.com/e-dialect/hinghwa-dict-web/blob/8f4a6b67fac6fc171744cdc1c874c689b45b883d/src/router/index.js#L134
Web,登记路由,/pinyin,/pinyin,历史语言工具,Q / 历史能力说明,字符与工具筛选语义；不直接映射 Entry,Q / S → H,拼音条件不等价；异常字符分享路径也需 fallback,https://github.com/e-dialect/hinghwa-dict-web/blob/8f4a6b67fac6fc171744cdc1c874c689b45b883d/src/router/index.js#L141
Web,登记路由,/tools,/tools,历史语言工具,Q / 历史能力说明,字符与工具筛选语义；不直接映射 Entry,Q / S → H,拼音条件不等价；异常字符分享路径也需 fallback,https://github.com/e-dialect/hinghwa-dict-web/blob/8f4a6b67fac6fc171744cdc1c874c689b45b883d/src/router/index.js#L146
Web,登记路由,/tools/conditions,/tools/conditions,历史语言工具,Q / 历史能力说明,字符与工具筛选语义；不直接映射 Entry,Q / S → H,拼音条件不等价；异常字符分享路径也需 fallback,https://github.com/e-dialect/hinghwa-dict-web/blob/8f4a6b67fac6fc171744cdc1c874c689b45b883d/src/router/index.js#L151
Web,登记路由,/tools/QuickRecording,/tools/QuickRecording,录音贡献,REC；有映射才带 V2 entry_id,word_word → guantou.Entry；word / id 均为词 ID,通用 REC + 关联词未找到说明,禁止旧 ID 直传 entry_id；通用权限和授权,https://github.com/e-dialect/hinghwa-dict-web/blob/8f4a6b67fac6fc171744cdc1c874c689b45b883d/src/router/index.js#L156
Web,登记路由,/tools/QuickRecording/RecordRank,/tools/QuickRecording/RecordRank,录音排名,历史能力说明,无直接排名映射,S → H,排名不等于录音审核,https://github.com/e-dialect/hinghwa-dict-web/blob/8f4a6b67fac6fc171744cdc1c874c689b45b883d/src/router/index.js#L161
Web,登记路由,/tools/characters,/tools/characters,历史语言工具,Q / 历史能力说明,字符与工具筛选语义；不直接映射 Entry,Q / S → H,拼音条件不等价；异常字符分享路径也需 fallback,https://github.com/e-dialect/hinghwa-dict-web/blob/8f4a6b67fac6fc171744cdc1c874c689b45b883d/src/router/index.js#L166
Web,登记路由,/tools/DailyExpressions,/tools/DailyExpressions,历史语言工具,Q / 历史能力说明,字符与工具筛选语义；不直接映射 Entry,Q / S → H,拼音条件不等价；异常字符分享路径也需 fallback,https://github.com/e-dialect/hinghwa-dict-web/blob/8f4a6b67fac6fc171744cdc1c874c689b45b883d/src/router/index.js#L171
Web,登记路由,/tools/RecordConfirming,/tools/RecordConfirming,历史审核工具,授权 CUR（需独立接线）,审核对象来源键 / 当前权限,ME / S → H,旧审核参数不能授予权限,https://github.com/e-dialect/hinghwa-dict-web/blob/8f4a6b67fac6fc171744cdc1c874c689b45b883d/src/router/index.js#L176
Web,登记路由,/tools/WordConfirming,/tools/WordConfirming,历史审核工具,授权 CUR（需独立接线）,审核对象来源键 / 当前权限,ME / S → H,旧审核参数不能授予权限,https://github.com/e-dialect/hinghwa-dict-web/blob/8f4a6b67fac6fc171744cdc1c874c689b45b883d/src/router/index.js#L181
Web,登记路由,/tools/Relative,/tools/Relative,历史语言工具,Q / 历史能力说明,字符与工具筛选语义；不直接映射 Entry,Q / S → H,拼音条件不等价；异常字符分享路径也需 fallback,https://github.com/e-dialect/hinghwa-dict-web/blob/8f4a6b67fac6fc171744cdc1c874c689b45b883d/src/router/index.js#L186
Web,登记路由,/words/Create,/words/Create,旧词条创建,S → 查 / REC,无；id=0 非对象,H,不恢复旧 WordCreate 表单,https://github.com/e-dialect/hinghwa-dict-web/blob/8f4a6b67fac6fc171744cdc1c874c689b45b883d/src/router/index.js#L191
Web,登记路由,/words/:id,/words/:id,词条详情 / 编辑,E；编辑另行授权 CUR,hinghwa-dict-backend / word_word / source_id / guantou.Entry,S → H / 用户主动 Q,按类型和可见性映射，不猜新 ID,https://github.com/e-dialect/hinghwa-dict-web/blob/8f4a6b67fac6fc171744cdc1c874c689b45b883d/src/router/index.js#L197
Web,登记路由,/words/:id/edit,/words/:id/edit,词条详情 / 编辑,E；编辑另行授权 CUR,hinghwa-dict-backend / word_word / source_id / guantou.Entry,S → H / 用户主动 Q,按类型和可见性映射，不猜新 ID,https://github.com/e-dialect/hinghwa-dict-web/blob/8f4a6b67fac6fc171744cdc1c874c689b45b883d/src/router/index.js#L203
Web,登记路由,/application/:id,/application/:id,词条申请,查证后 E / 授权 CUR,application 独立来源键；不能当 word_word,S → H / Q,现有桥接近似转换不能作为对象映射,https://github.com/e-dialect/hinghwa-dict-web/blob/8f4a6b67fac6fc171744cdc1c874c689b45b883d/src/router/index.js#L209
Web,登记路由,*,*,未知入口,错误说明,无,H,禁止任意外部跳转,https://github.com/e-dialect/hinghwa-dict-web/blob/8f4a6b67fac6fc171744cdc1c874c689b45b883d/src/router/index.js#L215
Web,登记路由,/NotFound,/NotFound,错误 / 无权访问,错误说明,无,H,保留错误语义，403 不伪装为成功,https://github.com/e-dialect/hinghwa-dict-web/blob/8f4a6b67fac6fc171744cdc1c874c689b45b883d/src/router/index.js#L219
Web,登记路由,/Forbidden,/Forbidden,错误 / 无权访问,错误说明,无,H,保留错误语义，403 不伪装为成功,https://github.com/e-dialect/hinghwa-dict-web/blob/8f4a6b67fac6fc171744cdc1c874c689b45b883d/src/router/index.js#L224
Web,登记路由,/PuxianExam,/PuxianExam,历史答题 / 试卷 / 成绩,未接入说明,题目 / 试卷 / 答题记录独立键（未建立）,S → H,不伪装成已上线 Campaign，不猜成绩,https://github.com/e-dialect/hinghwa-dict-web/blob/8f4a6b67fac6fc171744cdc1c874c689b45b883d/src/router/index.js#L230
Web,登记路由,/PuxianExam/Create,/PuxianExam/Create,历史答题 / 试卷 / 成绩,未接入说明,题目 / 试卷 / 答题记录独立键（未建立）,S → H,不伪装成已上线 Campaign，不猜成绩,https://github.com/e-dialect/hinghwa-dict-web/blob/8f4a6b67fac6fc171744cdc1c874c689b45b883d/src/router/index.js#L236
Web,登记路由,/PuxianExam/:id,/PuxianExam/:id,历史答题 / 试卷 / 成绩,未接入说明,题目 / 试卷 / 答题记录独立键（未建立）,S → H,不伪装成已上线 Campaign，不猜成绩,https://github.com/e-dialect/hinghwa-dict-web/blob/8f4a6b67fac6fc171744cdc1c874c689b45b883d/src/router/index.js#L242
Web,登记路由,/PuxianExam/Research,/PuxianExam/Research,历史答题 / 试卷 / 成绩,未接入说明,题目 / 试卷 / 答题记录独立键（未建立）,S → H,不伪装成已上线 Campaign，不猜成绩,https://github.com/e-dialect/hinghwa-dict-web/blob/8f4a6b67fac6fc171744cdc1c874c689b45b883d/src/router/index.js#L248
Web,登记路由,/Dictionary,/Dictionary,历史语言工具,Q / 历史能力说明,字符与工具筛选语义；不直接映射 Entry,Q / S → H,拼音条件不等价；异常字符分享路径也需 fallback,https://github.com/e-dialect/hinghwa-dict-web/blob/8f4a6b67fac6fc171744cdc1c874c689b45b883d/src/router/index.js#L255
Web,登记路由,/Translation,/Translation,历史翻译,未接入说明,无直接对象键,S → H / Q,不能声称 #444 已完成,https://github.com/e-dialect/hinghwa-dict-web/blob/8f4a6b67fac6fc171744cdc1c874c689b45b883d/src/router/index.js#L262
Web,登记路由,/ptxTranslation,/ptxTranslation,历史翻译,未接入说明,无直接对象键,S → H / Q,不能声称 #444 已完成,https://github.com/e-dialect/hinghwa-dict-web/blob/8f4a6b67fac6fc171744cdc1c874c689b45b883d/src/router/index.js#L268
Web,登记路由,/xtpTranslation,/xtpTranslation,历史翻译,未接入说明,无直接对象键,S → H / Q,不能声称 #444 已完成,https://github.com/e-dialect/hinghwa-dict-web/blob/8f4a6b67fac6fc171744cdc1c874c689b45b883d/src/router/index.js#L274
小程序 / 移动 H5,登记页面,/pages/index,pages/index,品牌首页,S（待实现）,登记 profile,H + 承接说明,Station 路由尚未合并,https://github.com/e-dialect/hinghwa-dict-uni-app/blob/330aa04df0b0423fedf513a683854c3415e96080/src/pages.json#L4
小程序 / 移动 H5,登记页面,/pages/home,pages/home,品牌首页,S（待实现）,登记 profile,H + 承接说明,Station 路由尚未合并,https://github.com/e-dialect/hinghwa-dict-uni-app/blob/330aa04df0b0423fedf513a683854c3415e96080/src/pages.json#L8
小程序 / 移动 H5,登记页面,/pages/search,pages/search,搜索,Q,key / keywords；旧 index scope,Q 空查询 / S → H,旧文章和字音范围不等价于 Entry 搜索,https://github.com/e-dialect/hinghwa-dict-uni-app/blob/330aa04df0b0423fedf513a683854c3415e96080/src/pages.json#L14
小程序 / 移动 H5,登记页面,/pages/error/not-found,pages/error/not-found,错误 / 无权访问,错误说明,无,H,保留错误语义，403 不伪装为成功,https://github.com/e-dialect/hinghwa-dict-uni-app/blob/330aa04df0b0423fedf513a683854c3415e96080/src/pages.json#L18
小程序 / 移动 H5,登记页面,/pages/words/details,pages/words/details,词条详情 / 编辑,E；编辑另行授权 CUR,hinghwa-dict-backend / word_word / source_id / guantou.Entry,S → H / 用户主动 Q,按类型和可见性映射，不猜新 ID,https://github.com/e-dialect/hinghwa-dict-uni-app/blob/330aa04df0b0423fedf513a683854c3415e96080/src/pages.json#L23
小程序 / 移动 H5,登记页面,/pages/words/pronunciations,pages/words/pronunciations,词条的发音列表,E 的关联录音区（锚点待实现）,word_word → guantou.Entry；word 参数,S → H / 用户主动 Q,word 不是 word_pronunciation；不自动选首条录音,https://github.com/e-dialect/hinghwa-dict-uni-app/blob/330aa04df0b0423fedf513a683854c3415e96080/src/pages.json#L27
小程序 / 移动 H5,登记页面,/pages/words/characters/details,pages/words/characters/details,历史语言工具,Q / 历史能力说明,字符与工具筛选语义；不直接映射 Entry,Q / S → H,拼音条件不等价；异常字符分享路径也需 fallback,https://github.com/e-dialect/hinghwa-dict-uni-app/blob/330aa04df0b0423fedf513a683854c3415e96080/src/pages.json#L31
小程序 / 移动 H5,登记页面,/pages/words/pronunciations/upload,pages/words/pronunciations/upload,录音贡献,REC；有映射才带 V2 entry_id,word_word → guantou.Entry；word / id 均为词 ID,通用 REC + 关联词未找到说明,禁止旧 ID 直传 entry_id；通用权限和授权,https://github.com/e-dialect/hinghwa-dict-uni-app/blob/330aa04df0b0423fedf513a683854c3415e96080/src/pages.json#L35
小程序 / 移动 H5,登记页面,/pages/words/pronunciations/ranking,pages/words/pronunciations/ranking,录音排名,历史能力说明,无直接排名映射,S → H,排名不等于录音审核,https://github.com/e-dialect/hinghwa-dict-uni-app/blob/330aa04df0b0423fedf513a683854c3415e96080/src/pages.json#L39
小程序 / 移动 H5,登记页面,/pages/tools/index,pages/tools/index,历史语言工具,Q / 历史能力说明,字符与工具筛选语义；不直接映射 Entry,Q / S → H,拼音条件不等价；异常字符分享路径也需 fallback,https://github.com/e-dialect/hinghwa-dict-uni-app/blob/330aa04df0b0423fedf513a683854c3415e96080/src/pages.json#L44
小程序 / 移动 H5,登记页面,/pages/tools/dictionary,pages/tools/dictionary,历史语言工具,Q / 历史能力说明,字符与工具筛选语义；不直接映射 Entry,Q / S → H,拼音条件不等价；异常字符分享路径也需 fallback,https://github.com/e-dialect/hinghwa-dict-uni-app/blob/330aa04df0b0423fedf513a683854c3415e96080/src/pages.json#L50
小程序 / 移动 H5,登记页面,/pages/tools/condition,pages/tools/condition,历史语言工具,Q / 历史能力说明,字符与工具筛选语义；不直接映射 Entry,Q / S → H,拼音条件不等价；异常字符分享路径也需 fallback,https://github.com/e-dialect/hinghwa-dict-uni-app/blob/330aa04df0b0423fedf513a683854c3415e96080/src/pages.json#L54
小程序 / 移动 H5,登记页面,/pages/tools/pinyin,pages/tools/pinyin,历史语言工具,Q / 历史能力说明,字符与工具筛选语义；不直接映射 Entry,Q / S → H,拼音条件不等价；异常字符分享路径也需 fallback,https://github.com/e-dialect/hinghwa-dict-uni-app/blob/330aa04df0b0423fedf513a683854c3415e96080/src/pages.json#L58
小程序 / 移动 H5,登记页面,/pages/tools/relative,pages/tools/relative,历史语言工具,Q / 历史能力说明,字符与工具筛选语义；不直接映射 Entry,Q / S → H,拼音条件不等价；异常字符分享路径也需 fallback,https://github.com/e-dialect/hinghwa-dict-uni-app/blob/330aa04df0b0423fedf513a683854c3415e96080/src/pages.json#L62
小程序 / 移动 H5,登记页面,/pages/mails/index,pages/mails/index,消息列表 / 详情 / 发送,/pages/mails/index；旧详情未接入说明,旧 message / user 独立键（缺少）,消息列表 / ME,旧 ID 不能用于新消息；不自动发送,https://github.com/e-dialect/hinghwa-dict-uni-app/blob/330aa04df0b0423fedf513a683854c3415e96080/src/pages.json#L66
小程序 / 移动 H5,登记页面,/pages/mails/details,pages/mails/details,消息列表 / 详情 / 发送,/pages/mails/index；旧详情未接入说明,旧 message / user 独立键（缺少）,消息列表 / ME,旧 ID 不能用于新消息；不自动发送,https://github.com/e-dialect/hinghwa-dict-uni-app/blob/330aa04df0b0423fedf513a683854c3415e96080/src/pages.json#L70
小程序 / 移动 H5,登记页面,/pages/mails/send,pages/mails/send,消息列表 / 详情 / 发送,/pages/mails/index；旧详情未接入说明,旧 message / user 独立键（缺少）,消息列表 / ME,旧 ID 不能用于新消息；不自动发送,https://github.com/e-dialect/hinghwa-dict-uni-app/blob/330aa04df0b0423fedf513a683854c3415e96080/src/pages.json#L74
小程序 / 移动 H5,登记页面,/pages/tools/daily-expression/index,pages/tools/daily-expression/index,历史语言工具,Q / 历史能力说明,字符与工具筛选语义；不直接映射 Entry,Q / S → H,拼音条件不等价；异常字符分享路径也需 fallback,https://github.com/e-dialect/hinghwa-dict-uni-app/blob/330aa04df0b0423fedf513a683854c3415e96080/src/pages.json#L78
小程序 / 移动 H5,登记页面,/pages/quizzes/index,pages/quizzes/index,历史答题 / 试卷 / 成绩,未接入说明,题目 / 试卷 / 答题记录独立键（未建立）,S → H,不伪装成已上线 Campaign，不猜成绩,https://github.com/e-dialect/hinghwa-dict-uni-app/blob/330aa04df0b0423fedf513a683854c3415e96080/src/pages.json#L83
小程序 / 移动 H5,登记页面,/pages/quizzes/details,pages/quizzes/details,历史答题 / 试卷 / 成绩,未接入说明,题目 / 试卷 / 答题记录独立键（未建立）,S → H,不伪装成已上线 Campaign，不猜成绩,https://github.com/e-dialect/hinghwa-dict-uni-app/blob/330aa04df0b0423fedf513a683854c3415e96080/src/pages.json#L87
小程序 / 移动 H5,登记页面,/pages/quizzes/random,pages/quizzes/random,历史答题 / 试卷 / 成绩,未接入说明,题目 / 试卷 / 答题记录独立键（未建立）,S → H,不伪装成已上线 Campaign，不猜成绩,https://github.com/e-dialect/hinghwa-dict-uni-app/blob/330aa04df0b0423fedf513a683854c3415e96080/src/pages.json#L91
小程序 / 移动 H5,登记页面,/pages/quizzes/search,pages/quizzes/search,历史答题 / 试卷 / 成绩,未接入说明,题目 / 试卷 / 答题记录独立键（未建立）,S → H,不伪装成已上线 Campaign，不猜成绩,https://github.com/e-dialect/hinghwa-dict-uni-app/blob/330aa04df0b0423fedf513a683854c3415e96080/src/pages.json#L95
小程序 / 移动 H5,登记页面,/pages/quizzes/tests/score,pages/quizzes/tests/score,历史答题 / 试卷 / 成绩,未接入说明,题目 / 试卷 / 答题记录独立键（未建立）,S → H,不伪装成已上线 Campaign，不猜成绩,https://github.com/e-dialect/hinghwa-dict-uni-app/blob/330aa04df0b0423fedf513a683854c3415e96080/src/pages.json#L99
小程序 / 移动 H5,登记页面,/pages/quizzes/tests/answer,pages/quizzes/tests/answer,历史答题 / 试卷 / 成绩,未接入说明,题目 / 试卷 / 答题记录独立键（未建立）,S → H,不伪装成已上线 Campaign，不猜成绩,https://github.com/e-dialect/hinghwa-dict-uni-app/blob/330aa04df0b0423fedf513a683854c3415e96080/src/pages.json#L103
小程序 / 移动 H5,登记页面,/pages/quizzes/quizset/index,pages/quizzes/quizset/index,历史答题 / 试卷 / 成绩,未接入说明,题目 / 试卷 / 答题记录独立键（未建立）,S → H,不伪装成已上线 Campaign，不猜成绩,https://github.com/e-dialect/hinghwa-dict-uni-app/blob/330aa04df0b0423fedf513a683854c3415e96080/src/pages.json#L107
小程序 / 移动 H5,登记页面,/pages/quizzes/quizset/detail,pages/quizzes/quizset/detail,历史答题 / 试卷 / 成绩,未接入说明,题目 / 试卷 / 答题记录独立键（未建立）,S → H,不伪装成已上线 Campaign，不猜成绩,https://github.com/e-dialect/hinghwa-dict-uni-app/blob/330aa04df0b0423fedf513a683854c3415e96080/src/pages.json#L111
小程序 / 移动 H5,登记页面,/pages/quizzes/quizset/records/index,pages/quizzes/quizset/records/index,历史答题 / 试卷 / 成绩,未接入说明,题目 / 试卷 / 答题记录独立键（未建立）,S → H,不伪装成已上线 Campaign，不猜成绩,https://github.com/e-dialect/hinghwa-dict-uni-app/blob/330aa04df0b0423fedf513a683854c3415e96080/src/pages.json#L115
小程序 / 移动 H5,登记页面,/pages/quizzes/quizset/records/detail,pages/quizzes/quizset/records/detail,历史答题 / 试卷 / 成绩,未接入说明,题目 / 试卷 / 答题记录独立键（未建立）,S → H,不伪装成已上线 Campaign，不猜成绩,https://github.com/e-dialect/hinghwa-dict-uni-app/blob/330aa04df0b0423fedf513a683854c3415e96080/src/pages.json#L119
小程序 / 移动 H5,登记页面,/pages/quizzes/quizset/questionCard,pages/quizzes/quizset/questionCard,历史答题 / 试卷 / 成绩,未接入说明,题目 / 试卷 / 答题记录独立键（未建立）,S → H,不伪装成已上线 Campaign，不猜成绩,https://github.com/e-dialect/hinghwa-dict-uni-app/blob/330aa04df0b0423fedf513a683854c3415e96080/src/pages.json#L123
小程序 / 移动 H5,登记页面,/pages/lists/index,pages/lists/index,词单列表,/pages/collections/index,无对象键,S → H,新列表不代表旧词单已迁入,https://github.com/e-dialect/hinghwa-dict-uni-app/blob/330aa04df0b0423fedf513a683854c3415e96080/src/pages.json#L129
小程序 / 移动 H5,登记页面,/pages/lists/upload,pages/lists/upload,词单详情 / 编辑,C（仅有审计映射时）；当前未接入说明,旧词单 → Collection（未建立）,S → H / 用户主动 Q,禁止同数字 ID；编辑需权限,https://github.com/e-dialect/hinghwa-dict-uni-app/blob/330aa04df0b0423fedf513a683854c3415e96080/src/pages.json#L133
小程序 / 移动 H5,登记页面,/pages/lists/details,pages/lists/details,词单详情 / 编辑,C（仅有审计映射时）；当前未接入说明,旧词单 → Collection（未建立）,S → H / 用户主动 Q,禁止同数字 ID；编辑需权限,https://github.com/e-dialect/hinghwa-dict-uni-app/blob/330aa04df0b0423fedf513a683854c3415e96080/src/pages.json#L137
小程序 / 移动 H5,登记页面,/pages/articles/index,pages/articles/index,历史文章 / 编辑 / 评论,未接入说明,文章来源键；comment 与 article 分开；当前不支持,S → H / 用户主动 Q,不能映射 Entry；编辑需重新鉴权；正文权利待确认,https://github.com/e-dialect/hinghwa-dict-uni-app/blob/330aa04df0b0423fedf513a683854c3415e96080/src/pages.json#L142
小程序 / 移动 H5,登记页面,/pages/articles/details,pages/articles/details,历史文章 / 编辑 / 评论,未接入说明,文章来源键；comment 与 article 分开；当前不支持,S → H / 用户主动 Q,不能映射 Entry；编辑需重新鉴权；正文权利待确认,https://github.com/e-dialect/hinghwa-dict-uni-app/blob/330aa04df0b0423fedf513a683854c3415e96080/src/pages.json#L148
小程序 / 移动 H5,登记页面,/pages/articles/comments/details,pages/articles/comments/details,历史文章 / 编辑 / 评论,未接入说明,文章来源键；comment 与 article 分开；当前不支持,S → H / 用户主动 Q,不能映射 Entry；编辑需重新鉴权；正文权利待确认,https://github.com/e-dialect/hinghwa-dict-uni-app/blob/330aa04df0b0423fedf513a683854c3415e96080/src/pages.json#L152
小程序 / 移动 H5,登记页面,/pages/users/me,pages/users/me,我的账户,ME,当前登录主体,通用登录 / H,不能用旧 user ID 推断当前身份,https://github.com/e-dialect/hinghwa-dict-uni-app/blob/330aa04df0b0423fedf513a683854c3415e96080/src/pages.json#L157
小程序 / 移动 H5,登记页面,/pages/users/details,pages/users/details,用户公开资料,/pages/users/details?id=<已核验 V2 ID>,auth_user → auth.User；仅内部核验,S → H,不公开身份映射敏感数据,https://github.com/e-dialect/hinghwa-dict-uni-app/blob/330aa04df0b0423fedf513a683854c3415e96080/src/pages.json#L163
小程序 / 移动 H5,登记页面,/pages/users/pronunciations,pages/users/pronunciations,用户历史贡献 / 证书 / 私人列表,映射后的公开用户详情；本人 ME,auth_user → auth.User；相关内容键,本人 ME / 公开访客 S → H,身份不能猜测；证书与历史行为未全部迁移,https://github.com/e-dialect/hinghwa-dict-uni-app/blob/330aa04df0b0423fedf513a683854c3415e96080/src/pages.json#L167
小程序 / 移动 H5,登记页面,/pages/users/words,pages/users/words,用户历史贡献 / 证书 / 私人列表,映射后的公开用户详情；本人 ME,auth_user → auth.User；相关内容键,本人 ME / 公开访客 S → H,身份不能猜测；证书与历史行为未全部迁移,https://github.com/e-dialect/hinghwa-dict-uni-app/blob/330aa04df0b0423fedf513a683854c3415e96080/src/pages.json#L171
小程序 / 移动 H5,登记页面,/pages/users/settings/information,pages/users/settings/information,账户设置,已登记的通用账户设置（含 telephone）,当前登录主体；无旧 ID 透传,ME,手机号修改仍须验证当前身份；不消费旧 token,https://github.com/e-dialect/hinghwa-dict-uni-app/blob/330aa04df0b0423fedf513a683854c3415e96080/src/pages.json#L175
小程序 / 移动 H5,登记页面,/pages/users/settings/username,pages/users/settings/username,账户设置,已登记的通用账户设置（含 telephone）,当前登录主体；无旧 ID 透传,ME,手机号修改仍须验证当前身份；不消费旧 token,https://github.com/e-dialect/hinghwa-dict-uni-app/blob/330aa04df0b0423fedf513a683854c3415e96080/src/pages.json#L179
小程序 / 移动 H5,登记页面,/pages/users/settings/nickname,pages/users/settings/nickname,账户设置,已登记的通用账户设置（含 telephone）,当前登录主体；无旧 ID 透传,ME,手机号修改仍须验证当前身份；不消费旧 token,https://github.com/e-dialect/hinghwa-dict-uni-app/blob/330aa04df0b0423fedf513a683854c3415e96080/src/pages.json#L183
小程序 / 移动 H5,登记页面,/pages/users/settings/email,pages/users/settings/email,账户设置,已登记的通用账户设置（含 telephone）,当前登录主体；无旧 ID 透传,ME,手机号修改仍须验证当前身份；不消费旧 token,https://github.com/e-dialect/hinghwa-dict-uni-app/blob/330aa04df0b0423fedf513a683854c3415e96080/src/pages.json#L187
小程序 / 移动 H5,登记页面,/pages/users/settings/password,pages/users/settings/password,账户设置,已登记的通用账户设置（含 telephone）,当前登录主体；无旧 ID 透传,ME,手机号修改仍须验证当前身份；不消费旧 token,https://github.com/e-dialect/hinghwa-dict-uni-app/blob/330aa04df0b0423fedf513a683854c3415e96080/src/pages.json#L191
小程序 / 移动 H5,登记页面,/pages/users/me/likedarticles,pages/users/me/likedarticles,历史文章 / 编辑 / 评论,未接入说明,文章来源键；comment 与 article 分开；当前不支持,S → H / 用户主动 Q,不能映射 Entry；编辑需重新鉴权；正文权利待确认,https://github.com/e-dialect/hinghwa-dict-uni-app/blob/330aa04df0b0423fedf513a683854c3415e96080/src/pages.json#L195
小程序 / 移动 H5,登记页面,/pages/users/me/articles,pages/users/me/articles,历史文章 / 编辑 / 评论,未接入说明,文章来源键；comment 与 article 分开；当前不支持,S → H / 用户主动 Q,不能映射 Entry；编辑需重新鉴权；正文权利待确认,https://github.com/e-dialect/hinghwa-dict-uni-app/blob/330aa04df0b0423fedf513a683854c3415e96080/src/pages.json#L199
小程序 / 移动 H5,登记页面,/pages/users/me/comments,pages/users/me/comments,用户历史贡献 / 证书 / 私人列表,映射后的公开用户详情；本人 ME,auth_user → auth.User；相关内容键,本人 ME / 公开访客 S → H,身份不能猜测；证书与历史行为未全部迁移,https://github.com/e-dialect/hinghwa-dict-uni-app/blob/330aa04df0b0423fedf513a683854c3415e96080/src/pages.json#L203
小程序 / 移动 H5,登记页面,/pages/products/index,pages/products/index,积分 / 兑换 / 订单 / 管理,ME 的迁移说明（待实现）,商品 / 订单 / 交易独立键；当前不支持,ME / H,无自动兑现承诺；管理动作重新鉴权,https://github.com/e-dialect/hinghwa-dict-uni-app/blob/330aa04df0b0423fedf513a683854c3415e96080/src/pages.json#L208
小程序 / 移动 H5,登记页面,/pages/products/upload,pages/products/upload,积分 / 兑换 / 订单 / 管理,ME 的迁移说明（待实现）,商品 / 订单 / 交易独立键；当前不支持,ME / H,无自动兑现承诺；管理动作重新鉴权,https://github.com/e-dialect/hinghwa-dict-uni-app/blob/330aa04df0b0423fedf513a683854c3415e96080/src/pages.json#L212
小程序 / 移动 H5,登记页面,/pages/products/details,pages/products/details,积分 / 兑换 / 订单 / 管理,ME 的迁移说明（待实现）,商品 / 订单 / 交易独立键；当前不支持,ME / H,无自动兑现承诺；管理动作重新鉴权,https://github.com/e-dialect/hinghwa-dict-uni-app/blob/330aa04df0b0423fedf513a683854c3415e96080/src/pages.json#L216
小程序 / 移动 H5,登记页面,/pages/products/history,pages/products/history,积分 / 兑换 / 订单 / 管理,ME 的迁移说明（待实现）,商品 / 订单 / 交易独立键；当前不支持,ME / H,无自动兑现承诺；管理动作重新鉴权,https://github.com/e-dialect/hinghwa-dict-uni-app/blob/330aa04df0b0423fedf513a683854c3415e96080/src/pages.json#L220
小程序 / 移动 H5,登记页面,/pages/users/settings/telephone,pages/users/settings/telephone,账户设置,已登记的通用账户设置（含 telephone）,当前登录主体；无旧 ID 透传,ME,手机号修改仍须验证当前身份；不消费旧 token,https://github.com/e-dialect/hinghwa-dict-uni-app/blob/330aa04df0b0423fedf513a683854c3415e96080/src/pages.json#L224
小程序 / 移动 H5,登记页面,/pages/login/login,pages/login/login,认证,/pages/login/login,当前统一身份；不透传旧凭证,通用登录 / H,身份 cutover 由 #443 / #431 单独验收,https://github.com/e-dialect/hinghwa-dict-uni-app/blob/330aa04df0b0423fedf513a683854c3415e96080/src/pages.json#L229
小程序 / 移动 H5,登记页面,/pages/login/register,pages/login/register,认证,/pages/login/register,当前统一身份；不透传旧凭证,通用登录 / H,身份 cutover 由 #443 / #431 单独验收,https://github.com/e-dialect/hinghwa-dict-uni-app/blob/330aa04df0b0423fedf513a683854c3415e96080/src/pages.json#L233
小程序 / 移动 H5,登记页面,/pages/login/register/wechat,pages/login/register/wechat,认证,/pages/login/register/wechat,当前统一身份；不透传旧凭证,通用登录 / H,身份 cutover 由 #443 / #431 单独验收,https://github.com/e-dialect/hinghwa-dict-uni-app/blob/330aa04df0b0423fedf513a683854c3415e96080/src/pages.json#L237
小程序 / 移动 H5,登记页面,/pages/login/forget,pages/login/forget,认证,/pages/login/forget,当前统一身份；不透传旧凭证,通用登录 / H,身份 cutover 由 #443 / #431 单独验收,https://github.com/e-dialect/hinghwa-dict-uni-app/blob/330aa04df0b0423fedf513a683854c3415e96080/src/pages.json#L241
小程序 / 移动 H5,登记页面,/pages/articles/edit,pages/articles/edit,历史文章 / 编辑 / 评论,未接入说明,文章来源键；comment 与 article 分开；当前不支持,S → H / 用户主动 Q,不能映射 Entry；编辑需重新鉴权；正文权利待确认,https://github.com/e-dialect/hinghwa-dict-uni-app/blob/330aa04df0b0423fedf513a683854c3415e96080/src/pages.json#L245
小程序 / 移动 H5,桥接 Web 别名,/,/,品牌首页,S（待实现）,登记 profile,H + 承接说明,Station 路由尚未合并,https://github.com/e-dialect/hinghwa-dict-uni-app/blob/330aa04df0b0423fedf513a683854c3415e96080/src/routers/pc2mob.js#L13
小程序 / 移动 H5,桥接 Web 别名,/Home,/Home,品牌首页,S（待实现）,登记 profile,H + 承接说明,Station 路由尚未合并,https://github.com/e-dialect/hinghwa-dict-uni-app/blob/330aa04df0b0423fedf513a683854c3415e96080/src/routers/pc2mob.js#L14
小程序 / 移动 H5,桥接 Web 别名,/search,/search,搜索,Q,key / keywords；旧 index scope,Q 空查询 / S → H,旧文章和字音范围不等价于 Entry 搜索,https://github.com/e-dialect/hinghwa-dict-uni-app/blob/330aa04df0b0423fedf513a683854c3415e96080/src/routers/pc2mob.js#L15
小程序 / 移动 H5,桥接 Web 别名,/articles,/articles,历史文章 / 编辑 / 评论,未接入说明,文章来源键；comment 与 article 分开；当前不支持,S → H / 用户主动 Q,不能映射 Entry；编辑需重新鉴权；正文权利待确认,https://github.com/e-dialect/hinghwa-dict-uni-app/blob/330aa04df0b0423fedf513a683854c3415e96080/src/routers/pc2mob.js#L18
小程序 / 移动 H5,桥接 Web 别名,/articles/create,/articles/create,历史文章 / 编辑 / 评论,未接入说明,文章来源键；comment 与 article 分开；当前不支持,S → H / 用户主动 Q,不能映射 Entry；编辑需重新鉴权；正文权利待确认,https://github.com/e-dialect/hinghwa-dict-uni-app/blob/330aa04df0b0423fedf513a683854c3415e96080/src/routers/pc2mob.js#L19
小程序 / 移动 H5,桥接 Web 别名,/articles/{id},/articles/{id},历史文章 / 编辑 / 评论,未接入说明,文章来源键；comment 与 article 分开；当前不支持,S → H / 用户主动 Q,不能映射 Entry；编辑需重新鉴权；正文权利待确认,https://github.com/e-dialect/hinghwa-dict-uni-app/blob/330aa04df0b0423fedf513a683854c3415e96080/src/routers/pc2mob.js#L20
小程序 / 移动 H5,桥接 Web 别名,/articles/edit/{id},/articles/edit/{id},历史文章 / 编辑 / 评论,未接入说明,文章来源键；comment 与 article 分开；当前不支持,S → H / 用户主动 Q,不能映射 Entry；编辑需重新鉴权；正文权利待确认,https://github.com/e-dialect/hinghwa-dict-uni-app/blob/330aa04df0b0423fedf513a683854c3415e96080/src/routers/pc2mob.js#L21
小程序 / 移动 H5,桥接 Web 别名,/login,/login,认证,/pages/login/login,当前统一身份；不透传旧凭证,通用登录 / H,身份 cutover 由 #443 / #431 单独验收,https://github.com/e-dialect/hinghwa-dict-uni-app/blob/330aa04df0b0423fedf513a683854c3415e96080/src/routers/pc2mob.js#L24
小程序 / 移动 H5,桥接 Web 别名,/register,/register,认证,/pages/login/register,当前统一身份；不透传旧凭证,通用登录 / H,身份 cutover 由 #443 / #431 单独验收,https://github.com/e-dialect/hinghwa-dict-uni-app/blob/330aa04df0b0423fedf513a683854c3415e96080/src/routers/pc2mob.js#L25
小程序 / 移动 H5,桥接 Web 别名,/forget,/forget,认证,/pages/login/forget,当前统一身份；不透传旧凭证,通用登录 / H,身份 cutover 由 #443 / #431 单独验收,https://github.com/e-dialect/hinghwa-dict-uni-app/blob/330aa04df0b0423fedf513a683854c3415e96080/src/routers/pc2mob.js#L26
小程序 / 移动 H5,桥接 Web 别名,/PuxianExam,/PuxianExam,历史答题 / 试卷 / 成绩,未接入说明,题目 / 试卷 / 答题记录独立键（未建立）,S → H,不伪装成已上线 Campaign，不猜成绩,https://github.com/e-dialect/hinghwa-dict-uni-app/blob/330aa04df0b0423fedf513a683854c3415e96080/src/routers/pc2mob.js#L29
小程序 / 移动 H5,桥接 Web 别名,/PuxianExam/Research,/PuxianExam/Research,历史答题 / 试卷 / 成绩,未接入说明,题目 / 试卷 / 答题记录独立键（未建立）,S → H,不伪装成已上线 Campaign，不猜成绩,https://github.com/e-dialect/hinghwa-dict-uni-app/blob/330aa04df0b0423fedf513a683854c3415e96080/src/routers/pc2mob.js#L30
小程序 / 移动 H5,桥接 Web 别名,/PuxianExam/Create,/PuxianExam/Create,历史答题 / 试卷 / 成绩,未接入说明,题目 / 试卷 / 答题记录独立键（未建立）,S → H,不伪装成已上线 Campaign，不猜成绩,https://github.com/e-dialect/hinghwa-dict-uni-app/blob/330aa04df0b0423fedf513a683854c3415e96080/src/routers/pc2mob.js#L31
小程序 / 移动 H5,桥接 Web 别名,/PuxianExam/{id},/PuxianExam/{id},历史答题 / 试卷 / 成绩,未接入说明,题目 / 试卷 / 答题记录独立键（未建立）,S → H,不伪装成已上线 Campaign，不猜成绩,https://github.com/e-dialect/hinghwa-dict-uni-app/blob/330aa04df0b0423fedf513a683854c3415e96080/src/routers/pc2mob.js#L32
小程序 / 移动 H5,桥接 Web 别名,/users/{id},/users/{id},用户公开资料,/pages/users/details?id=<已核验 V2 ID>,auth_user → auth.User；仅内部核验,S → H,不公开身份映射敏感数据,https://github.com/e-dialect/hinghwa-dict-uni-app/blob/330aa04df0b0423fedf513a683854c3415e96080/src/routers/pc2mob.js#L35
小程序 / 移动 H5,桥接 Web 别名,/users/certificate/{id},/users/certificate/{id},用户历史贡献 / 证书 / 私人列表,映射后的公开用户详情；本人 ME,auth_user → auth.User；相关内容键,本人 ME / 公开访客 S → H,身份不能猜测；证书与历史行为未全部迁移,https://github.com/e-dialect/hinghwa-dict-uni-app/blob/330aa04df0b0423fedf513a683854c3415e96080/src/routers/pc2mob.js#L36
小程序 / 移动 H5,桥接 Web 别名,/settings,/settings,账户设置,已登记的通用账户设置（含 telephone）,当前登录主体；无旧 ID 透传,ME,手机号修改仍须验证当前身份；不消费旧 token,https://github.com/e-dialect/hinghwa-dict-uni-app/blob/330aa04df0b0423fedf513a683854c3415e96080/src/routers/pc2mob.js#L37
小程序 / 移动 H5,桥接 Web 别名,/notification,/notification,消息列表 / 详情 / 发送,/pages/mails/index；旧详情未接入说明,旧 message / user 独立键（缺少）,消息列表 / ME,旧 ID 不能用于新消息；不自动发送,https://github.com/e-dialect/hinghwa-dict-uni-app/blob/330aa04df0b0423fedf513a683854c3415e96080/src/routers/pc2mob.js#L38
小程序 / 移动 H5,桥接 Web 别名,/rewards,/rewards,积分 / 兑换 / 订单 / 管理,ME 的迁移说明（待实现）,商品 / 订单 / 交易独立键；当前不支持,ME / H,无自动兑现承诺；管理动作重新鉴权,https://github.com/e-dialect/hinghwa-dict-uni-app/blob/330aa04df0b0423fedf513a683854c3415e96080/src/routers/pc2mob.js#L41
小程序 / 移动 H5,桥接 Web 别名,/rewards/detail/{id},/rewards/detail/{id},积分 / 兑换 / 订单 / 管理,ME 的迁移说明（待实现）,商品 / 订单 / 交易独立键；当前不支持,ME / H,无自动兑现承诺；管理动作重新鉴权,https://github.com/e-dialect/hinghwa-dict-uni-app/blob/330aa04df0b0423fedf513a683854c3415e96080/src/routers/pc2mob.js#L42
小程序 / 移动 H5,桥接 Web 别名,/rewards/transactions,/rewards/transactions,积分 / 兑换 / 订单 / 管理,ME 的迁移说明（待实现）,商品 / 订单 / 交易独立键；当前不支持,ME / H,无自动兑现承诺；管理动作重新鉴权,https://github.com/e-dialect/hinghwa-dict-uni-app/blob/330aa04df0b0423fedf513a683854c3415e96080/src/routers/pc2mob.js#L43
小程序 / 移动 H5,桥接 Web 别名,/admin/rewards,/admin/rewards,积分 / 兑换 / 订单 / 管理,ME 的迁移说明（待实现）,商品 / 订单 / 交易独立键；当前不支持,ME / H,无自动兑现承诺；管理动作重新鉴权,https://github.com/e-dialect/hinghwa-dict-uni-app/blob/330aa04df0b0423fedf513a683854c3415e96080/src/routers/pc2mob.js#L44
小程序 / 移动 H5,桥接 Web 别名,/wordlist,/wordlist,词单列表,/pages/collections/index,无对象键,S → H,新列表不代表旧词单已迁入,https://github.com/e-dialect/hinghwa-dict-uni-app/blob/330aa04df0b0423fedf513a683854c3415e96080/src/routers/pc2mob.js#L47
小程序 / 移动 H5,桥接 Web 别名,/wordlist/editor,/wordlist/editor,词单详情 / 编辑,C（仅有审计映射时）；当前未接入说明,旧词单 → Collection（未建立）,S → H / 用户主动 Q,禁止同数字 ID；编辑需权限,https://github.com/e-dialect/hinghwa-dict-uni-app/blob/330aa04df0b0423fedf513a683854c3415e96080/src/routers/pc2mob.js#L48
小程序 / 移动 H5,桥接 Web 别名,/wordlist/{id},/wordlist/{id},词单详情 / 编辑,C（仅有审计映射时）；当前未接入说明,旧词单 → Collection（未建立）,S → H / 用户主动 Q,禁止同数字 ID；编辑需权限,https://github.com/e-dialect/hinghwa-dict-uni-app/blob/330aa04df0b0423fedf513a683854c3415e96080/src/routers/pc2mob.js#L49
小程序 / 移动 H5,桥接 Web 别名,/tools,/tools,历史语言工具,Q / 历史能力说明,字符与工具筛选语义；不直接映射 Entry,Q / S → H,拼音条件不等价；异常字符分享路径也需 fallback,https://github.com/e-dialect/hinghwa-dict-uni-app/blob/330aa04df0b0423fedf513a683854c3415e96080/src/routers/pc2mob.js#L52
小程序 / 移动 H5,桥接 Web 别名,/tools/conditions,/tools/conditions,历史语言工具,Q / 历史能力说明,字符与工具筛选语义；不直接映射 Entry,Q / S → H,拼音条件不等价；异常字符分享路径也需 fallback,https://github.com/e-dialect/hinghwa-dict-uni-app/blob/330aa04df0b0423fedf513a683854c3415e96080/src/routers/pc2mob.js#L53
小程序 / 移动 H5,桥接 Web 别名,/tools/QuickRecording,/tools/QuickRecording,录音贡献,REC；有映射才带 V2 entry_id,word_word → guantou.Entry；word / id 均为词 ID,通用 REC + 关联词未找到说明,禁止旧 ID 直传 entry_id；通用权限和授权,https://github.com/e-dialect/hinghwa-dict-uni-app/blob/330aa04df0b0423fedf513a683854c3415e96080/src/routers/pc2mob.js#L54
小程序 / 移动 H5,桥接 Web 别名,/tools/QuickRecording/RecordRank,/tools/QuickRecording/RecordRank,录音排名,历史能力说明,无直接排名映射,S → H,排名不等于录音审核,https://github.com/e-dialect/hinghwa-dict-uni-app/blob/330aa04df0b0423fedf513a683854c3415e96080/src/routers/pc2mob.js#L55
小程序 / 移动 H5,桥接 Web 别名,/tools/characters,/tools/characters,历史语言工具,Q / 历史能力说明,字符与工具筛选语义；不直接映射 Entry,Q / S → H,拼音条件不等价；异常字符分享路径也需 fallback,https://github.com/e-dialect/hinghwa-dict-uni-app/blob/330aa04df0b0423fedf513a683854c3415e96080/src/routers/pc2mob.js#L56
小程序 / 移动 H5,桥接 Web 别名,/tools/DailyExpressions,/tools/DailyExpressions,历史语言工具,Q / 历史能力说明,字符与工具筛选语义；不直接映射 Entry,Q / S → H,拼音条件不等价；异常字符分享路径也需 fallback,https://github.com/e-dialect/hinghwa-dict-uni-app/blob/330aa04df0b0423fedf513a683854c3415e96080/src/routers/pc2mob.js#L57
小程序 / 移动 H5,桥接 Web 别名,/tools/RecordConfirming,/tools/RecordConfirming,历史审核工具,授权 CUR（需独立接线）,审核对象来源键 / 当前权限,ME / S → H,旧审核参数不能授予权限,https://github.com/e-dialect/hinghwa-dict-uni-app/blob/330aa04df0b0423fedf513a683854c3415e96080/src/routers/pc2mob.js#L58
小程序 / 移动 H5,桥接 Web 别名,/tools/WordConfirming,/tools/WordConfirming,历史审核工具,授权 CUR（需独立接线）,审核对象来源键 / 当前权限,ME / S → H,旧审核参数不能授予权限,https://github.com/e-dialect/hinghwa-dict-uni-app/blob/330aa04df0b0423fedf513a683854c3415e96080/src/routers/pc2mob.js#L59
小程序 / 移动 H5,桥接 Web 别名,/tools/Relative,/tools/Relative,历史语言工具,Q / 历史能力说明,字符与工具筛选语义；不直接映射 Entry,Q / S → H,拼音条件不等价；异常字符分享路径也需 fallback,https://github.com/e-dialect/hinghwa-dict-uni-app/blob/330aa04df0b0423fedf513a683854c3415e96080/src/routers/pc2mob.js#L60
小程序 / 移动 H5,桥接 Web 别名,/pinyin,/pinyin,历史语言工具,Q / 历史能力说明,字符与工具筛选语义；不直接映射 Entry,Q / S → H,拼音条件不等价；异常字符分享路径也需 fallback,https://github.com/e-dialect/hinghwa-dict-uni-app/blob/330aa04df0b0423fedf513a683854c3415e96080/src/routers/pc2mob.js#L61
小程序 / 移动 H5,桥接 Web 别名,/words/Create,/words/Create,旧词条创建,S → 查 / REC,无；id=0 非对象,H,不恢复旧 WordCreate 表单,https://github.com/e-dialect/hinghwa-dict-uni-app/blob/330aa04df0b0423fedf513a683854c3415e96080/src/routers/pc2mob.js#L64
小程序 / 移动 H5,桥接 Web 别名,/words/{id},/words/{id},词条详情 / 编辑,E；编辑另行授权 CUR,hinghwa-dict-backend / word_word / source_id / guantou.Entry,S → H / 用户主动 Q,按类型和可见性映射，不猜新 ID,https://github.com/e-dialect/hinghwa-dict-uni-app/blob/330aa04df0b0423fedf513a683854c3415e96080/src/routers/pc2mob.js#L65
小程序 / 移动 H5,桥接 Web 别名,/words/{id}/edit,/words/{id}/edit,词条详情 / 编辑,E；编辑另行授权 CUR,hinghwa-dict-backend / word_word / source_id / guantou.Entry,S → H / 用户主动 Q,按类型和可见性映射，不猜新 ID,https://github.com/e-dialect/hinghwa-dict-uni-app/blob/330aa04df0b0423fedf513a683854c3415e96080/src/routers/pc2mob.js#L66
小程序 / 移动 H5,桥接 Web 别名,/application/{id},/application/{id},词条申请,查证后 E / 授权 CUR,application 独立来源键；不能当 word_word,S → H / Q,现有桥接近似转换不能作为对象映射,https://github.com/e-dialect/hinghwa-dict-uni-app/blob/330aa04df0b0423fedf513a683854c3415e96080/src/routers/pc2mob.js#L67
小程序 / 移动 H5,桥接 Web 别名,/Dictionary,/Dictionary,历史语言工具,Q / 历史能力说明,字符与工具筛选语义；不直接映射 Entry,Q / S → H,拼音条件不等价；异常字符分享路径也需 fallback,https://github.com/e-dialect/hinghwa-dict-uni-app/blob/330aa04df0b0423fedf513a683854c3415e96080/src/routers/pc2mob.js#L70
小程序 / 移动 H5,桥接 Web 别名,/Quiz,/Quiz,历史答题 / 试卷 / 成绩,未接入说明,题目 / 试卷 / 答题记录独立键（未建立）,S → H,不伪装成已上线 Campaign，不猜成绩,https://github.com/e-dialect/hinghwa-dict-uni-app/blob/330aa04df0b0423fedf513a683854c3415e96080/src/routers/pc2mob.js#L73
小程序 / 移动 H5,桥接 Web 别名,/music,/music,历史音乐,未接入说明,音乐来源 / 权利；当前不支持,S → H,旧 /pages/music 未登记，桥接不证明可用,https://github.com/e-dialect/hinghwa-dict-uni-app/blob/330aa04df0b0423fedf513a683854c3415e96080/src/routers/pc2mob.js#L76
小程序 / 移动 H5,桥接 Web 别名,/Translation,/Translation,历史翻译,未接入说明,无直接对象键,S → H / Q,不能声称 #444 已完成,https://github.com/e-dialect/hinghwa-dict-uni-app/blob/330aa04df0b0423fedf513a683854c3415e96080/src/routers/pc2mob.js#L79
小程序 / 移动 H5,桥接 Web 别名,/ptxTranslation,/ptxTranslation,历史翻译,未接入说明,无直接对象键,S → H / Q,不能声称 #444 已完成,https://github.com/e-dialect/hinghwa-dict-uni-app/blob/330aa04df0b0423fedf513a683854c3415e96080/src/routers/pc2mob.js#L80
小程序 / 移动 H5,桥接 Web 别名,/xtpTranslation,/xtpTranslation,历史翻译,未接入说明,无直接对象键,S → H / Q,不能声称 #444 已完成,https://github.com/e-dialect/hinghwa-dict-uni-app/blob/330aa04df0b0423fedf513a683854c3415e96080/src/routers/pc2mob.js#L81
小程序 / 移动 H5,桥接 Web 别名,/About,/About,关于,S 的关于说明（待实现）,品牌文案与来源,H,公开品牌说明待评审,https://github.com/e-dialect/hinghwa-dict-uni-app/blob/330aa04df0b0423fedf513a683854c3415e96080/src/routers/pc2mob.js#L84
小程序 / 移动 H5,桥接 Web 别名,/NotFound,/NotFound,错误 / 无权访问,错误说明,无,H,保留错误语义，403 不伪装为成功,https://github.com/e-dialect/hinghwa-dict-uni-app/blob/330aa04df0b0423fedf513a683854c3415e96080/src/routers/pc2mob.js#L87
小程序 / 移动 H5,桥接 Web 别名,/Forbidden,/Forbidden,错误 / 无权访问,错误说明,无,H,保留错误语义，403 不伪装为成功,https://github.com/e-dialect/hinghwa-dict-uni-app/blob/330aa04df0b0423fedf513a683854c3415e96080/src/routers/pc2mob.js#L88
小程序 / 移动 H5,桥接移动别名,/,/,品牌首页,S（待实现）,登记 profile,H + 承接说明,Station 路由尚未合并,https://github.com/e-dialect/hinghwa-dict-uni-app/blob/330aa04df0b0423fedf513a683854c3415e96080/src/routers/mob2pc.js#L13
小程序 / 移动 H5,桥接移动别名,/pages/index,/pages/index,品牌首页,S（待实现）,登记 profile,H + 承接说明,Station 路由尚未合并,https://github.com/e-dialect/hinghwa-dict-uni-app/blob/330aa04df0b0423fedf513a683854c3415e96080/src/routers/mob2pc.js#L14
小程序 / 移动 H5,桥接移动别名,/pages/home,/pages/home,品牌首页,S（待实现）,登记 profile,H + 承接说明,Station 路由尚未合并,https://github.com/e-dialect/hinghwa-dict-uni-app/blob/330aa04df0b0423fedf513a683854c3415e96080/src/routers/mob2pc.js#L15
小程序 / 移动 H5,桥接移动别名,/pages/search,/pages/search,搜索,Q,key / keywords；旧 index scope,Q 空查询 / S → H,旧文章和字音范围不等价于 Entry 搜索,https://github.com/e-dialect/hinghwa-dict-uni-app/blob/330aa04df0b0423fedf513a683854c3415e96080/src/routers/mob2pc.js#L16
小程序 / 移动 H5,桥接移动别名,/pages/articles/index,/pages/articles/index,历史文章 / 编辑 / 评论,未接入说明,文章来源键；comment 与 article 分开；当前不支持,S → H / 用户主动 Q,不能映射 Entry；编辑需重新鉴权；正文权利待确认,https://github.com/e-dialect/hinghwa-dict-uni-app/blob/330aa04df0b0423fedf513a683854c3415e96080/src/routers/mob2pc.js#L19
小程序 / 移动 H5,桥接移动别名,/pages/articles/details,/pages/articles/details,历史文章 / 编辑 / 评论,未接入说明,文章来源键；comment 与 article 分开；当前不支持,S → H / 用户主动 Q,不能映射 Entry；编辑需重新鉴权；正文权利待确认,https://github.com/e-dialect/hinghwa-dict-uni-app/blob/330aa04df0b0423fedf513a683854c3415e96080/src/routers/mob2pc.js#L20
小程序 / 移动 H5,桥接移动别名,/pages/articles/edit,/pages/articles/edit,历史文章 / 编辑 / 评论,未接入说明,文章来源键；comment 与 article 分开；当前不支持,S → H / 用户主动 Q,不能映射 Entry；编辑需重新鉴权；正文权利待确认,https://github.com/e-dialect/hinghwa-dict-uni-app/blob/330aa04df0b0423fedf513a683854c3415e96080/src/routers/mob2pc.js#L21
小程序 / 移动 H5,桥接移动别名,/pages/articles/comments/details,/pages/articles/comments/details,历史文章 / 编辑 / 评论,未接入说明,文章来源键；comment 与 article 分开；当前不支持,S → H / 用户主动 Q,不能映射 Entry；编辑需重新鉴权；正文权利待确认,https://github.com/e-dialect/hinghwa-dict-uni-app/blob/330aa04df0b0423fedf513a683854c3415e96080/src/routers/mob2pc.js#L22
小程序 / 移动 H5,桥接移动别名,/pages/login/login,/pages/login/login,认证,/pages/login/login,当前统一身份；不透传旧凭证,通用登录 / H,身份 cutover 由 #443 / #431 单独验收,https://github.com/e-dialect/hinghwa-dict-uni-app/blob/330aa04df0b0423fedf513a683854c3415e96080/src/routers/mob2pc.js#L25
小程序 / 移动 H5,桥接移动别名,/pages/login/register,/pages/login/register,认证,/pages/login/register,当前统一身份；不透传旧凭证,通用登录 / H,身份 cutover 由 #443 / #431 单独验收,https://github.com/e-dialect/hinghwa-dict-uni-app/blob/330aa04df0b0423fedf513a683854c3415e96080/src/routers/mob2pc.js#L26
小程序 / 移动 H5,桥接移动别名,/pages/login/register/wechat,/pages/login/register/wechat,认证,/pages/login/register/wechat,当前统一身份；不透传旧凭证,通用登录 / H,身份 cutover 由 #443 / #431 单独验收,https://github.com/e-dialect/hinghwa-dict-uni-app/blob/330aa04df0b0423fedf513a683854c3415e96080/src/routers/mob2pc.js#L27
小程序 / 移动 H5,桥接移动别名,/pages/login/forget,/pages/login/forget,认证,/pages/login/forget,当前统一身份；不透传旧凭证,通用登录 / H,身份 cutover 由 #443 / #431 单独验收,https://github.com/e-dialect/hinghwa-dict-uni-app/blob/330aa04df0b0423fedf513a683854c3415e96080/src/routers/mob2pc.js#L28
小程序 / 移动 H5,桥接移动别名,/pages/quizzes/index,/pages/quizzes/index,历史答题 / 试卷 / 成绩,未接入说明,题目 / 试卷 / 答题记录独立键（未建立）,S → H,不伪装成已上线 Campaign，不猜成绩,https://github.com/e-dialect/hinghwa-dict-uni-app/blob/330aa04df0b0423fedf513a683854c3415e96080/src/routers/mob2pc.js#L31
小程序 / 移动 H5,桥接移动别名,/pages/quizzes/random,/pages/quizzes/random,历史答题 / 试卷 / 成绩,未接入说明,题目 / 试卷 / 答题记录独立键（未建立）,S → H,不伪装成已上线 Campaign，不猜成绩,https://github.com/e-dialect/hinghwa-dict-uni-app/blob/330aa04df0b0423fedf513a683854c3415e96080/src/routers/mob2pc.js#L32
小程序 / 移动 H5,桥接移动别名,/pages/quizzes/search,/pages/quizzes/search,历史答题 / 试卷 / 成绩,未接入说明,题目 / 试卷 / 答题记录独立键（未建立）,S → H,不伪装成已上线 Campaign，不猜成绩,https://github.com/e-dialect/hinghwa-dict-uni-app/blob/330aa04df0b0423fedf513a683854c3415e96080/src/routers/mob2pc.js#L33
小程序 / 移动 H5,桥接移动别名,/pages/quizzes/details,/pages/quizzes/details,历史答题 / 试卷 / 成绩,未接入说明,题目 / 试卷 / 答题记录独立键（未建立）,S → H,不伪装成已上线 Campaign，不猜成绩,https://github.com/e-dialect/hinghwa-dict-uni-app/blob/330aa04df0b0423fedf513a683854c3415e96080/src/routers/mob2pc.js#L34
小程序 / 移动 H5,桥接移动别名,/pages/quizzes/tests/score,/pages/quizzes/tests/score,历史答题 / 试卷 / 成绩,未接入说明,题目 / 试卷 / 答题记录独立键（未建立）,S → H,不伪装成已上线 Campaign，不猜成绩,https://github.com/e-dialect/hinghwa-dict-uni-app/blob/330aa04df0b0423fedf513a683854c3415e96080/src/routers/mob2pc.js#L35
小程序 / 移动 H5,桥接移动别名,/pages/quizzes/tests/answer,/pages/quizzes/tests/answer,历史答题 / 试卷 / 成绩,未接入说明,题目 / 试卷 / 答题记录独立键（未建立）,S → H,不伪装成已上线 Campaign，不猜成绩,https://github.com/e-dialect/hinghwa-dict-uni-app/blob/330aa04df0b0423fedf513a683854c3415e96080/src/routers/mob2pc.js#L36
小程序 / 移动 H5,桥接移动别名,/pages/quizzes/quizset/index,/pages/quizzes/quizset/index,历史答题 / 试卷 / 成绩,未接入说明,题目 / 试卷 / 答题记录独立键（未建立）,S → H,不伪装成已上线 Campaign，不猜成绩,https://github.com/e-dialect/hinghwa-dict-uni-app/blob/330aa04df0b0423fedf513a683854c3415e96080/src/routers/mob2pc.js#L37
小程序 / 移动 H5,桥接移动别名,/pages/quizzes/quizset/detail,/pages/quizzes/quizset/detail,历史答题 / 试卷 / 成绩,未接入说明,题目 / 试卷 / 答题记录独立键（未建立）,S → H,不伪装成已上线 Campaign，不猜成绩,https://github.com/e-dialect/hinghwa-dict-uni-app/blob/330aa04df0b0423fedf513a683854c3415e96080/src/routers/mob2pc.js#L38
小程序 / 移动 H5,桥接移动别名,/pages/quizzes/quizset/records/index,/pages/quizzes/quizset/records/index,历史答题 / 试卷 / 成绩,未接入说明,题目 / 试卷 / 答题记录独立键（未建立）,S → H,不伪装成已上线 Campaign，不猜成绩,https://github.com/e-dialect/hinghwa-dict-uni-app/blob/330aa04df0b0423fedf513a683854c3415e96080/src/routers/mob2pc.js#L39
小程序 / 移动 H5,桥接移动别名,/pages/quizzes/quizset/records/detail,/pages/quizzes/quizset/records/detail,历史答题 / 试卷 / 成绩,未接入说明,题目 / 试卷 / 答题记录独立键（未建立）,S → H,不伪装成已上线 Campaign，不猜成绩,https://github.com/e-dialect/hinghwa-dict-uni-app/blob/330aa04df0b0423fedf513a683854c3415e96080/src/routers/mob2pc.js#L40
小程序 / 移动 H5,桥接移动别名,/pages/quizzes/quizset/questionCard,/pages/quizzes/quizset/questionCard,历史答题 / 试卷 / 成绩,未接入说明,题目 / 试卷 / 答题记录独立键（未建立）,S → H,不伪装成已上线 Campaign，不猜成绩,https://github.com/e-dialect/hinghwa-dict-uni-app/blob/330aa04df0b0423fedf513a683854c3415e96080/src/routers/mob2pc.js#L41
小程序 / 移动 H5,桥接移动别名,/pages/users/me,/pages/users/me,我的账户,ME,当前登录主体,通用登录 / H,不能用旧 user ID 推断当前身份,https://github.com/e-dialect/hinghwa-dict-uni-app/blob/330aa04df0b0423fedf513a683854c3415e96080/src/routers/mob2pc.js#L44
小程序 / 移动 H5,桥接移动别名,/pages/users/details,/pages/users/details,用户公开资料,/pages/users/details?id=<已核验 V2 ID>,auth_user → auth.User；仅内部核验,S → H,不公开身份映射敏感数据,https://github.com/e-dialect/hinghwa-dict-uni-app/blob/330aa04df0b0423fedf513a683854c3415e96080/src/routers/mob2pc.js#L45
小程序 / 移动 H5,桥接移动别名,/pages/users/settings/information,/pages/users/settings/information,账户设置,已登记的通用账户设置（含 telephone）,当前登录主体；无旧 ID 透传,ME,手机号修改仍须验证当前身份；不消费旧 token,https://github.com/e-dialect/hinghwa-dict-uni-app/blob/330aa04df0b0423fedf513a683854c3415e96080/src/routers/mob2pc.js#L46
小程序 / 移动 H5,桥接移动别名,/pages/users/settings/username,/pages/users/settings/username,账户设置,已登记的通用账户设置（含 telephone）,当前登录主体；无旧 ID 透传,ME,手机号修改仍须验证当前身份；不消费旧 token,https://github.com/e-dialect/hinghwa-dict-uni-app/blob/330aa04df0b0423fedf513a683854c3415e96080/src/routers/mob2pc.js#L47
小程序 / 移动 H5,桥接移动别名,/pages/users/settings/nickname,/pages/users/settings/nickname,账户设置,已登记的通用账户设置（含 telephone）,当前登录主体；无旧 ID 透传,ME,手机号修改仍须验证当前身份；不消费旧 token,https://github.com/e-dialect/hinghwa-dict-uni-app/blob/330aa04df0b0423fedf513a683854c3415e96080/src/routers/mob2pc.js#L48
小程序 / 移动 H5,桥接移动别名,/pages/users/settings/email,/pages/users/settings/email,账户设置,已登记的通用账户设置（含 telephone）,当前登录主体；无旧 ID 透传,ME,手机号修改仍须验证当前身份；不消费旧 token,https://github.com/e-dialect/hinghwa-dict-uni-app/blob/330aa04df0b0423fedf513a683854c3415e96080/src/routers/mob2pc.js#L49
小程序 / 移动 H5,桥接移动别名,/pages/users/settings/password,/pages/users/settings/password,账户设置,已登记的通用账户设置（含 telephone）,当前登录主体；无旧 ID 透传,ME,手机号修改仍须验证当前身份；不消费旧 token,https://github.com/e-dialect/hinghwa-dict-uni-app/blob/330aa04df0b0423fedf513a683854c3415e96080/src/routers/mob2pc.js#L50
小程序 / 移动 H5,桥接移动别名,/pages/users/settings/telephone,/pages/users/settings/telephone,账户设置,已登记的通用账户设置（含 telephone）,当前登录主体；无旧 ID 透传,ME,手机号修改仍须验证当前身份；不消费旧 token,https://github.com/e-dialect/hinghwa-dict-uni-app/blob/330aa04df0b0423fedf513a683854c3415e96080/src/routers/mob2pc.js#L51
小程序 / 移动 H5,桥接移动别名,/pages/users/pronunciations,/pages/users/pronunciations,用户历史贡献 / 证书 / 私人列表,映射后的公开用户详情；本人 ME,auth_user → auth.User；相关内容键,本人 ME / 公开访客 S → H,身份不能猜测；证书与历史行为未全部迁移,https://github.com/e-dialect/hinghwa-dict-uni-app/blob/330aa04df0b0423fedf513a683854c3415e96080/src/routers/mob2pc.js#L52
小程序 / 移动 H5,桥接移动别名,/pages/users/words,/pages/users/words,用户历史贡献 / 证书 / 私人列表,映射后的公开用户详情；本人 ME,auth_user → auth.User；相关内容键,本人 ME / 公开访客 S → H,身份不能猜测；证书与历史行为未全部迁移,https://github.com/e-dialect/hinghwa-dict-uni-app/blob/330aa04df0b0423fedf513a683854c3415e96080/src/routers/mob2pc.js#L53
小程序 / 移动 H5,桥接移动别名,/pages/users/me/likedarticles,/pages/users/me/likedarticles,历史文章 / 编辑 / 评论,未接入说明,文章来源键；comment 与 article 分开；当前不支持,S → H / 用户主动 Q,不能映射 Entry；编辑需重新鉴权；正文权利待确认,https://github.com/e-dialect/hinghwa-dict-uni-app/blob/330aa04df0b0423fedf513a683854c3415e96080/src/routers/mob2pc.js#L54
小程序 / 移动 H5,桥接移动别名,/pages/users/me/articles,/pages/users/me/articles,历史文章 / 编辑 / 评论,未接入说明,文章来源键；comment 与 article 分开；当前不支持,S → H / 用户主动 Q,不能映射 Entry；编辑需重新鉴权；正文权利待确认,https://github.com/e-dialect/hinghwa-dict-uni-app/blob/330aa04df0b0423fedf513a683854c3415e96080/src/routers/mob2pc.js#L55
小程序 / 移动 H5,桥接移动别名,/pages/users/me/comments,/pages/users/me/comments,用户历史贡献 / 证书 / 私人列表,映射后的公开用户详情；本人 ME,auth_user → auth.User；相关内容键,本人 ME / 公开访客 S → H,身份不能猜测；证书与历史行为未全部迁移,https://github.com/e-dialect/hinghwa-dict-uni-app/blob/330aa04df0b0423fedf513a683854c3415e96080/src/routers/mob2pc.js#L56
小程序 / 移动 H5,桥接移动别名,/pages/words/details,/pages/words/details,词条详情 / 编辑,E；编辑另行授权 CUR,hinghwa-dict-backend / word_word / source_id / guantou.Entry,S → H / 用户主动 Q,按类型和可见性映射，不猜新 ID,https://github.com/e-dialect/hinghwa-dict-uni-app/blob/330aa04df0b0423fedf513a683854c3415e96080/src/routers/mob2pc.js#L59
小程序 / 移动 H5,桥接移动别名,/pages/words/pronunciations,/pages/words/pronunciations,词条的发音列表,E 的关联录音区（锚点待实现）,word_word → guantou.Entry；word 参数,S → H / 用户主动 Q,word 不是 word_pronunciation；不自动选首条录音,https://github.com/e-dialect/hinghwa-dict-uni-app/blob/330aa04df0b0423fedf513a683854c3415e96080/src/routers/mob2pc.js#L60
小程序 / 移动 H5,桥接移动别名,/pages/words/characters/details,/pages/words/characters/details,历史语言工具,Q / 历史能力说明,字符与工具筛选语义；不直接映射 Entry,Q / S → H,拼音条件不等价；异常字符分享路径也需 fallback,https://github.com/e-dialect/hinghwa-dict-uni-app/blob/330aa04df0b0423fedf513a683854c3415e96080/src/routers/mob2pc.js#L61
小程序 / 移动 H5,桥接移动别名,/pages/words/pronunciations/upload,/pages/words/pronunciations/upload,录音贡献,REC；有映射才带 V2 entry_id,word_word → guantou.Entry；word / id 均为词 ID,通用 REC + 关联词未找到说明,禁止旧 ID 直传 entry_id；通用权限和授权,https://github.com/e-dialect/hinghwa-dict-uni-app/blob/330aa04df0b0423fedf513a683854c3415e96080/src/routers/mob2pc.js#L62
小程序 / 移动 H5,桥接移动别名,/pages/words/pronunciations/ranking,/pages/words/pronunciations/ranking,录音排名,历史能力说明,无直接排名映射,S → H,排名不等于录音审核,https://github.com/e-dialect/hinghwa-dict-uni-app/blob/330aa04df0b0423fedf513a683854c3415e96080/src/routers/mob2pc.js#L63
小程序 / 移动 H5,桥接移动别名,/pages/lists/index,/pages/lists/index,词单列表,/pages/collections/index,无对象键,S → H,新列表不代表旧词单已迁入,https://github.com/e-dialect/hinghwa-dict-uni-app/blob/330aa04df0b0423fedf513a683854c3415e96080/src/routers/mob2pc.js#L66
小程序 / 移动 H5,桥接移动别名,/pages/lists/upload,/pages/lists/upload,词单详情 / 编辑,C（仅有审计映射时）；当前未接入说明,旧词单 → Collection（未建立）,S → H / 用户主动 Q,禁止同数字 ID；编辑需权限,https://github.com/e-dialect/hinghwa-dict-uni-app/blob/330aa04df0b0423fedf513a683854c3415e96080/src/routers/mob2pc.js#L67
小程序 / 移动 H5,桥接移动别名,/pages/lists/details,/pages/lists/details,词单详情 / 编辑,C（仅有审计映射时）；当前未接入说明,旧词单 → Collection（未建立）,S → H / 用户主动 Q,禁止同数字 ID；编辑需权限,https://github.com/e-dialect/hinghwa-dict-uni-app/blob/330aa04df0b0423fedf513a683854c3415e96080/src/routers/mob2pc.js#L68
小程序 / 移动 H5,桥接移动别名,/pages/tools/index,/pages/tools/index,历史语言工具,Q / 历史能力说明,字符与工具筛选语义；不直接映射 Entry,Q / S → H,拼音条件不等价；异常字符分享路径也需 fallback,https://github.com/e-dialect/hinghwa-dict-uni-app/blob/330aa04df0b0423fedf513a683854c3415e96080/src/routers/mob2pc.js#L71
小程序 / 移动 H5,桥接移动别名,/pages/tools/dictionary,/pages/tools/dictionary,历史语言工具,Q / 历史能力说明,字符与工具筛选语义；不直接映射 Entry,Q / S → H,拼音条件不等价；异常字符分享路径也需 fallback,https://github.com/e-dialect/hinghwa-dict-uni-app/blob/330aa04df0b0423fedf513a683854c3415e96080/src/routers/mob2pc.js#L72
小程序 / 移动 H5,桥接移动别名,/pages/tools/condition,/pages/tools/condition,历史语言工具,Q / 历史能力说明,字符与工具筛选语义；不直接映射 Entry,Q / S → H,拼音条件不等价；异常字符分享路径也需 fallback,https://github.com/e-dialect/hinghwa-dict-uni-app/blob/330aa04df0b0423fedf513a683854c3415e96080/src/routers/mob2pc.js#L73
小程序 / 移动 H5,桥接移动别名,/pages/tools/pinyin,/pages/tools/pinyin,历史语言工具,Q / 历史能力说明,字符与工具筛选语义；不直接映射 Entry,Q / S → H,拼音条件不等价；异常字符分享路径也需 fallback,https://github.com/e-dialect/hinghwa-dict-uni-app/blob/330aa04df0b0423fedf513a683854c3415e96080/src/routers/mob2pc.js#L74
小程序 / 移动 H5,桥接移动别名,/pages/tools/relative,/pages/tools/relative,历史语言工具,Q / 历史能力说明,字符与工具筛选语义；不直接映射 Entry,Q / S → H,拼音条件不等价；异常字符分享路径也需 fallback,https://github.com/e-dialect/hinghwa-dict-uni-app/blob/330aa04df0b0423fedf513a683854c3415e96080/src/routers/mob2pc.js#L75
小程序 / 移动 H5,桥接移动别名,/pages/tools/daily-expression/index,/pages/tools/daily-expression/index,历史语言工具,Q / 历史能力说明,字符与工具筛选语义；不直接映射 Entry,Q / S → H,拼音条件不等价；异常字符分享路径也需 fallback,https://github.com/e-dialect/hinghwa-dict-uni-app/blob/330aa04df0b0423fedf513a683854c3415e96080/src/routers/mob2pc.js#L76
小程序 / 移动 H5,桥接移动别名,/pages/products/index,/pages/products/index,积分 / 兑换 / 订单 / 管理,ME 的迁移说明（待实现）,商品 / 订单 / 交易独立键；当前不支持,ME / H,无自动兑现承诺；管理动作重新鉴权,https://github.com/e-dialect/hinghwa-dict-uni-app/blob/330aa04df0b0423fedf513a683854c3415e96080/src/routers/mob2pc.js#L79
小程序 / 移动 H5,桥接移动别名,/pages/products/upload,/pages/products/upload,积分 / 兑换 / 订单 / 管理,ME 的迁移说明（待实现）,商品 / 订单 / 交易独立键；当前不支持,ME / H,无自动兑现承诺；管理动作重新鉴权,https://github.com/e-dialect/hinghwa-dict-uni-app/blob/330aa04df0b0423fedf513a683854c3415e96080/src/routers/mob2pc.js#L80
小程序 / 移动 H5,桥接移动别名,/pages/products/details,/pages/products/details,积分 / 兑换 / 订单 / 管理,ME 的迁移说明（待实现）,商品 / 订单 / 交易独立键；当前不支持,ME / H,无自动兑现承诺；管理动作重新鉴权,https://github.com/e-dialect/hinghwa-dict-uni-app/blob/330aa04df0b0423fedf513a683854c3415e96080/src/routers/mob2pc.js#L81
小程序 / 移动 H5,桥接移动别名,/pages/products/history,/pages/products/history,积分 / 兑换 / 订单 / 管理,ME 的迁移说明（待实现）,商品 / 订单 / 交易独立键；当前不支持,ME / H,无自动兑现承诺；管理动作重新鉴权,https://github.com/e-dialect/hinghwa-dict-uni-app/blob/330aa04df0b0423fedf513a683854c3415e96080/src/routers/mob2pc.js#L82
小程序 / 移动 H5,桥接移动别名,/pages/mails/index,/pages/mails/index,消息列表 / 详情 / 发送,/pages/mails/index；旧详情未接入说明,旧 message / user 独立键（缺少）,消息列表 / ME,旧 ID 不能用于新消息；不自动发送,https://github.com/e-dialect/hinghwa-dict-uni-app/blob/330aa04df0b0423fedf513a683854c3415e96080/src/routers/mob2pc.js#L85
小程序 / 移动 H5,桥接移动别名,/pages/mails/details,/pages/mails/details,消息列表 / 详情 / 发送,/pages/mails/index；旧详情未接入说明,旧 message / user 独立键（缺少）,消息列表 / ME,旧 ID 不能用于新消息；不自动发送,https://github.com/e-dialect/hinghwa-dict-uni-app/blob/330aa04df0b0423fedf513a683854c3415e96080/src/routers/mob2pc.js#L86
小程序 / 移动 H5,桥接移动别名,/pages/mails/send,/pages/mails/send,消息列表 / 详情 / 发送,/pages/mails/index；旧详情未接入说明,旧 message / user 独立键（缺少）,消息列表 / ME,旧 ID 不能用于新消息；不自动发送,https://github.com/e-dialect/hinghwa-dict-uni-app/blob/330aa04df0b0423fedf513a683854c3415e96080/src/routers/mob2pc.js#L87
小程序 / 移动 H5,桥接移动别名,/pages/music,/pages/music,历史音乐,未接入说明,音乐来源 / 权利；当前不支持,S → H,旧 /pages/music 未登记，桥接不证明可用,https://github.com/e-dialect/hinghwa-dict-uni-app/blob/330aa04df0b0423fedf513a683854c3415e96080/src/routers/mob2pc.js#L90
小程序 / 移动 H5,桥接移动别名,/pages/error/not-found,/pages/error/not-found,错误 / 无权访问,错误说明,无,H,保留错误语义，403 不伪装为成功,https://github.com/e-dialect/hinghwa-dict-uni-app/blob/330aa04df0b0423fedf513a683854c3415e96080/src/routers/mob2pc.js#L93
小程序 / 移动 H5,实际分享生成器（变量不是生产样本）,/pages/articles/details?id=${this.id},/pages/articles/details?id=${this.id},历史文章 / 编辑 / 评论,未接入说明,文章来源键；comment 与 article 分开；当前不支持,S → H / 用户主动 Q,不能映射 Entry；编辑需重新鉴权；正文权利待确认,https://github.com/e-dialect/hinghwa-dict-uni-app/blob/330aa04df0b0423fedf513a683854c3415e96080/src/pages/articles/details.vue#L237
小程序 / 移动 H5,实际分享生成器（变量不是生产样本）,/pages/index,/pages/index,品牌首页,S（待实现）,登记 profile,H + 承接说明,Station 路由尚未合并,https://github.com/e-dialect/hinghwa-dict-uni-app/blob/330aa04df0b0423fedf513a683854c3415e96080/src/pages/index.vue#L72
小程序 / 移动 H5,实际分享生成器（变量不是生产样本）,/pages/quizzes/details?id=${this.id},/pages/quizzes/details?id=${this.id},历史答题 / 试卷 / 成绩,未接入说明,题目 / 试卷 / 答题记录独立键（未建立）,S → H,不伪装成已上线 Campaign，不猜成绩,https://github.com/e-dialect/hinghwa-dict-uni-app/blob/330aa04df0b0423fedf513a683854c3415e96080/src/pages/quizzes/details.vue#L177
小程序 / 移动 H5,实际分享生成器（变量不是生产样本）,/pages/quizzes/index,/pages/quizzes/index,历史答题 / 试卷 / 成绩,未接入说明,题目 / 试卷 / 答题记录独立键（未建立）,S → H,不伪装成已上线 Campaign，不猜成绩,https://github.com/e-dialect/hinghwa-dict-uni-app/blob/330aa04df0b0423fedf513a683854c3415e96080/src/pages/quizzes/index.vue#L202
小程序 / 移动 H5,实际分享生成器（变量不是生产样本）,/pages/quizzes/index,/pages/quizzes/index,历史答题 / 试卷 / 成绩,未接入说明,题目 / 试卷 / 答题记录独立键（未建立）,S → H,不伪装成已上线 Campaign，不猜成绩,https://github.com/e-dialect/hinghwa-dict-uni-app/blob/330aa04df0b0423fedf513a683854c3415e96080/src/pages/quizzes/tests/score.vue#L95
小程序 / 移动 H5,实际分享生成器（变量不是生产样本）,/pages/search?index=${this.searchScopeIndex}&keywords=${this.keywords},/pages/search?index=${this.searchScopeIndex}&keywords=${this.keywords},搜索,Q,key / keywords；旧 index scope,Q 空查询 / S → H,旧文章和字音范围不等价于 Entry 搜索,https://github.com/e-dialect/hinghwa-dict-uni-app/blob/330aa04df0b0423fedf513a683854c3415e96080/src/pages/search.vue#L158
小程序 / 移动 H5,实际分享生成器（变量不是生产样本）,/pages/tools/condition?shengmu=${this.shengmuValue}&yunmu=${this.yunmuValue}&shengdiao=${this.shengdiaoValue},/pages/tools/condition?shengmu=${this.shengmuValue}&yunmu=${this.yunmuValue}&shengdiao=${this.shengdiaoValue},历史语言工具,Q / 历史能力说明,字符与工具筛选语义；不直接映射 Entry,Q / S → H,拼音条件不等价；异常字符分享路径也需 fallback,https://github.com/e-dialect/hinghwa-dict-uni-app/blob/330aa04df0b0423fedf513a683854c3415e96080/src/pages/tools/condition.vue#L198
小程序 / 移动 H5,实际分享生成器（变量不是生产样本）,/pages/tools/daily-expression/index,/pages/tools/daily-expression/index,历史语言工具,Q / 历史能力说明,字符与工具筛选语义；不直接映射 Entry,Q / S → H,拼音条件不等价；异常字符分享路径也需 fallback,https://github.com/e-dialect/hinghwa-dict-uni-app/blob/330aa04df0b0423fedf513a683854c3415e96080/src/pages/tools/daily-expression/index.vue#L120
小程序 / 移动 H5,实际分享生成器（变量不是生产样本）,/pages/tools/dictionary,/pages/tools/dictionary,历史语言工具,Q / 历史能力说明,字符与工具筛选语义；不直接映射 Entry,Q / S → H,拼音条件不等价；异常字符分享路径也需 fallback,https://github.com/e-dialect/hinghwa-dict-uni-app/blob/330aa04df0b0423fedf513a683854c3415e96080/src/pages/tools/dictionary.vue#L132
小程序 / 移动 H5,实际分享生成器（变量不是生产样本）,/pages/tools/index,/pages/tools/index,历史语言工具,Q / 历史能力说明,字符与工具筛选语义；不直接映射 Entry,Q / S → H,拼音条件不等价；异常字符分享路径也需 fallback,https://github.com/e-dialect/hinghwa-dict-uni-app/blob/330aa04df0b0423fedf513a683854c3415e96080/src/pages/tools/index.vue#L80
小程序 / 移动 H5,实际分享生成器（变量不是生产样本）,/pages/tools/pinyin,/pages/tools/pinyin,历史语言工具,Q / 历史能力说明,字符与工具筛选语义；不直接映射 Entry,Q / S → H,拼音条件不等价；异常字符分享路径也需 fallback,https://github.com/e-dialect/hinghwa-dict-uni-app/blob/330aa04df0b0423fedf513a683854c3415e96080/src/pages/tools/pinyin.vue#L285
小程序 / 移动 H5,实际分享生成器（变量不是生产样本）,/pages/tools/relative,/pages/tools/relative,历史语言工具,Q / 历史能力说明,字符与工具筛选语义；不直接映射 Entry,Q / S → H,拼音条件不等价；异常字符分享路径也需 fallback,https://github.com/e-dialect/hinghwa-dict-uni-app/blob/330aa04df0b0423fedf513a683854c3415e96080/src/pages/tools/relative.vue#L104
小程序 / 移动 H5,实际分享生成器（变量不是生产样本）,/pages/users/details?id=${this.id},/pages/users/details?id=${this.id},用户公开资料,/pages/users/details?id=<已核验 V2 ID>,auth_user → auth.User；仅内部核验,S → H,不公开身份映射敏感数据,https://github.com/e-dialect/hinghwa-dict-uni-app/blob/330aa04df0b0423fedf513a683854c3415e96080/src/pages/users/details.vue#L148
小程序 / 移动 H5,实际分享生成器（变量不是生产样本）,/pages/basics/characters/characters?id=${this.id},/pages/basics/characters/characters?id=${this.id},历史语言工具,Q / 历史能力说明,字符与工具筛选语义；不直接映射 Entry,Q / S → H,拼音条件不等价；异常字符分享路径也需 fallback,https://github.com/e-dialect/hinghwa-dict-uni-app/blob/330aa04df0b0423fedf513a683854c3415e96080/src/pages/words/characters/details.vue#L105
小程序 / 移动 H5,实际分享生成器（变量不是生产样本）,/pages/words/details?id=${this.id},/pages/words/details?id=${this.id},词条详情 / 编辑,E；编辑另行授权 CUR,hinghwa-dict-backend / word_word / source_id / guantou.Entry,S → H / 用户主动 Q,按类型和可见性映射，不猜新 ID,https://github.com/e-dialect/hinghwa-dict-uni-app/blob/330aa04df0b0423fedf513a683854c3415e96080/src/pages/words/details.vue#L280
小程序 / 移动 H5,实际分享生成器（变量不是生产样本）,/pages/index,/pages/index,品牌首页,S（待实现）,登记 profile,H + 承接说明,Station 路由尚未合并,https://github.com/e-dialect/hinghwa-dict-uni-app/blob/330aa04df0b0423fedf513a683854c3415e96080/src/services/shareMessages.js#L25
小程序 / 移动 H5,实际导航生成器,/pages/articles/details?id=${id},/pages/articles/details?id=${id},历史文章 / 编辑 / 评论,未接入说明,文章来源键；comment 与 article 分开；当前不支持,S → H / 用户主动 Q,不能映射 Entry；编辑需重新鉴权；正文权利待确认,https://github.com/e-dialect/hinghwa-dict-uni-app/blob/330aa04df0b0423fedf513a683854c3415e96080/src/routers/article.js#L7
小程序 / 移动 H5,实际导航生成器,/pages/articles/edit?id=${id},/pages/articles/edit?id=${id},历史文章 / 编辑 / 评论,未接入说明,文章来源键；comment 与 article 分开；当前不支持,S → H / 用户主动 Q,不能映射 Entry；编辑需重新鉴权；正文权利待确认,https://github.com/e-dialect/hinghwa-dict-uni-app/blob/330aa04df0b0423fedf513a683854c3415e96080/src/routers/article.js#L26
小程序 / 移动 H5,实际导航生成器,/pages/articles/edit,/pages/articles/edit,历史文章 / 编辑 / 评论,未接入说明,文章来源键；comment 与 article 分开；当前不支持,S → H / 用户主动 Q,不能映射 Entry；编辑需重新鉴权；正文权利待确认,https://github.com/e-dialect/hinghwa-dict-uni-app/blob/330aa04df0b0423fedf513a683854c3415e96080/src/routers/article.js#L30
小程序 / 移动 H5,实际导航生成器,/pages/articles/comments/details?comment=${commentId}&article=${articleId},/pages/articles/comments/details?comment=${commentId}&article=${articleId},历史文章 / 编辑 / 评论,未接入说明,文章来源键；comment 与 article 分开；当前不支持,S → H / 用户主动 Q,不能映射 Entry；编辑需重新鉴权；正文权利待确认,https://github.com/e-dialect/hinghwa-dict-uni-app/blob/330aa04df0b0423fedf513a683854c3415e96080/src/routers/article.js#L42
小程序 / 移动 H5,实际导航生成器,/pages/index,/pages/index,品牌首页,S（待实现）,登记 profile,H + 承接说明,Station 路由尚未合并,https://github.com/e-dialect/hinghwa-dict-uni-app/blob/330aa04df0b0423fedf513a683854c3415e96080/src/routers/index.js#L7
小程序 / 移动 H5,实际导航生成器,/pages/index,/pages/index,品牌首页,S（待实现）,登记 profile,H + 承接说明,Station 路由尚未合并,https://github.com/e-dialect/hinghwa-dict-uni-app/blob/330aa04df0b0423fedf513a683854c3415e96080/src/routers/index.js#L11
小程序 / 移动 H5,实际导航生成器,/pages/search,/pages/search,搜索,Q,key / keywords；旧 index scope,Q 空查询 / S → H,旧文章和字音范围不等价于 Entry 搜索,https://github.com/e-dialect/hinghwa-dict-uni-app/blob/330aa04df0b0423fedf513a683854c3415e96080/src/routers/index.js#L21
小程序 / 移动 H5,实际导航生成器,/pages/login/forget,/pages/login/forget,认证,/pages/login/forget,当前统一身份；不透传旧凭证,通用登录 / H,身份 cutover 由 #443 / #431 单独验收,https://github.com/e-dialect/hinghwa-dict-uni-app/blob/330aa04df0b0423fedf513a683854c3415e96080/src/routers/login.js#L6
小程序 / 移动 H5,实际导航生成器,/pages/login/login,/pages/login/login,认证,/pages/login/login,当前统一身份；不透传旧凭证,通用登录 / H,身份 cutover 由 #443 / #431 单独验收,https://github.com/e-dialect/hinghwa-dict-uni-app/blob/330aa04df0b0423fedf513a683854c3415e96080/src/routers/login.js#L17
小程序 / 移动 H5,实际导航生成器,/pages/login/register,/pages/login/register,认证,/pages/login/register,当前统一身份；不透传旧凭证,通用登录 / H,身份 cutover 由 #443 / #431 单独验收,https://github.com/e-dialect/hinghwa-dict-uni-app/blob/330aa04df0b0423fedf513a683854c3415e96080/src/routers/login.js#L27
小程序 / 移动 H5,实际导航生成器,/pages/login/register/wechat,/pages/login/register/wechat,认证,/pages/login/register/wechat,当前统一身份；不透传旧凭证,通用登录 / H,身份 cutover 由 #443 / #431 单独验收,https://github.com/e-dialect/hinghwa-dict-uni-app/blob/330aa04df0b0423fedf513a683854c3415e96080/src/routers/login.js#L36
小程序 / 移动 H5,实际导航生成器,/pages/mails/details?id=${id},/pages/mails/details?id=${id},消息列表 / 详情 / 发送,/pages/mails/index；旧详情未接入说明,旧 message / user 独立键（缺少）,消息列表 / ME,旧 ID 不能用于新消息；不自动发送,https://github.com/e-dialect/hinghwa-dict-uni-app/blob/330aa04df0b0423fedf513a683854c3415e96080/src/routers/mail.js#L7
小程序 / 移动 H5,实际导航生成器,/pages/mails/send,/pages/mails/send,消息列表 / 详情 / 发送,/pages/mails/index；旧详情未接入说明,旧 message / user 独立键（缺少）,消息列表 / ME,旧 ID 不能用于新消息；不自动发送,https://github.com/e-dialect/hinghwa-dict-uni-app/blob/330aa04df0b0423fedf513a683854c3415e96080/src/routers/mail.js#L16
小程序 / 移动 H5,实际导航生成器,/pages/mails/index,/pages/mails/index,消息列表 / 详情 / 发送,/pages/mails/index；旧详情未接入说明,旧 message / user 独立键（缺少）,消息列表 / ME,旧 ID 不能用于新消息；不自动发送,https://github.com/e-dialect/hinghwa-dict-uni-app/blob/330aa04df0b0423fedf513a683854c3415e96080/src/routers/mail.js#L25
小程序 / 移动 H5,实际导航生成器,/pages/users/me/points?id=${id},/pages/users/me/points?id=${id},未登记积分 / 商城 / 发布入口,ME 的未接入说明（待实现）,points 的 id 消费语义无页面可核实；积分/商品独立键,ME / H,旧导航函数存在但页面未登记；不猜 id 类型，不兑现历史权益,https://github.com/e-dialect/hinghwa-dict-uni-app/blob/330aa04df0b0423fedf513a683854c3415e96080/src/routers/points.js#L8
小程序 / 移动 H5,实际导航生成器,/pages/users/me/pointmall,/pages/users/me/pointmall,未登记积分 / 商城 / 发布入口,ME 的未接入说明（待实现）,points 的 id 消费语义无页面可核实；积分/商品独立键,ME / H,旧导航函数存在但页面未登记；不猜 id 类型，不兑现历史权益,https://github.com/e-dialect/hinghwa-dict-uni-app/blob/330aa04df0b0423fedf513a683854c3415e96080/src/routers/points.js#L17
小程序 / 移动 H5,实际导航生成器,/pages/users/me/uploadgoods,/pages/users/me/uploadgoods,未登记积分 / 商城 / 发布入口,ME 的未接入说明（待实现）,points 的 id 消费语义无页面可核实；积分/商品独立键,ME / H,旧导航函数存在但页面未登记；不猜 id 类型，不兑现历史权益,https://github.com/e-dialect/hinghwa-dict-uni-app/blob/330aa04df0b0423fedf513a683854c3415e96080/src/routers/points.js#L26
小程序 / 移动 H5,实际导航生成器,/pages/products/upload,/pages/products/upload,积分 / 兑换 / 订单 / 管理,ME 的迁移说明（待实现）,商品 / 订单 / 交易独立键；当前不支持,ME / H,无自动兑现承诺；管理动作重新鉴权,https://github.com/e-dialect/hinghwa-dict-uni-app/blob/330aa04df0b0423fedf513a683854c3415e96080/src/routers/product.js#L6
小程序 / 移动 H5,实际导航生成器,/pages/products/index,/pages/products/index,积分 / 兑换 / 订单 / 管理,ME 的迁移说明（待实现）,商品 / 订单 / 交易独立键；当前不支持,ME / H,无自动兑现承诺；管理动作重新鉴权,https://github.com/e-dialect/hinghwa-dict-uni-app/blob/330aa04df0b0423fedf513a683854c3415e96080/src/routers/product.js#L15
小程序 / 移动 H5,实际导航生成器,/pages/quizzes/random,/pages/quizzes/random,历史答题 / 试卷 / 成绩,未接入说明,题目 / 试卷 / 答题记录独立键（未建立）,S → H,不伪装成已上线 Campaign，不猜成绩,https://github.com/e-dialect/hinghwa-dict-uni-app/blob/330aa04df0b0423fedf513a683854c3415e96080/src/routers/quiz.js#L8
小程序 / 移动 H5,实际导航生成器,/pages/quizzes/tests/answer,/pages/quizzes/tests/answer,历史答题 / 试卷 / 成绩,未接入说明,题目 / 试卷 / 答题记录独立键（未建立）,S → H,不伪装成已上线 Campaign，不猜成绩,https://github.com/e-dialect/hinghwa-dict-uni-app/blob/330aa04df0b0423fedf513a683854c3415e96080/src/routers/quiz.js#L17
小程序 / 移动 H5,实际导航生成器,/pages/quizzes/tests/score?totalScore=${totalScore},/pages/quizzes/tests/score?totalScore=${totalScore},历史答题 / 试卷 / 成绩,未接入说明,题目 / 试卷 / 答题记录独立键（未建立）,S → H,不伪装成已上线 Campaign，不猜成绩,https://github.com/e-dialect/hinghwa-dict-uni-app/blob/330aa04df0b0423fedf513a683854c3415e96080/src/routers/quiz.js#L26
小程序 / 移动 H5,实际导航生成器,/pages/quizzes/details?id=${id},/pages/quizzes/details?id=${id},历史答题 / 试卷 / 成绩,未接入说明,题目 / 试卷 / 答题记录独立键（未建立）,S → H,不伪装成已上线 Campaign，不猜成绩,https://github.com/e-dialect/hinghwa-dict-uni-app/blob/330aa04df0b0423fedf513a683854c3415e96080/src/routers/quiz.js#L35
小程序 / 移动 H5,实际导航生成器,/pages/quizzes/search,/pages/quizzes/search,历史答题 / 试卷 / 成绩,未接入说明,题目 / 试卷 / 答题记录独立键（未建立）,S → H,不伪装成已上线 Campaign，不猜成绩,https://github.com/e-dialect/hinghwa-dict-uni-app/blob/330aa04df0b0423fedf513a683854c3415e96080/src/routers/quiz.js#L44
小程序 / 移动 H5,实际导航生成器,/pages/quizzes/quizset/index,/pages/quizzes/quizset/index,历史答题 / 试卷 / 成绩,未接入说明,题目 / 试卷 / 答题记录独立键（未建立）,S → H,不伪装成已上线 Campaign，不猜成绩,https://github.com/e-dialect/hinghwa-dict-uni-app/blob/330aa04df0b0423fedf513a683854c3415e96080/src/routers/quiz.js#L63
小程序 / 移动 H5,实际导航生成器,/pages/quizzes/quizset/detail?id=${paperId},/pages/quizzes/quizset/detail?id=${paperId},历史答题 / 试卷 / 成绩,未接入说明,题目 / 试卷 / 答题记录独立键（未建立）,S → H,不伪装成已上线 Campaign，不猜成绩,https://github.com/e-dialect/hinghwa-dict-uni-app/blob/330aa04df0b0423fedf513a683854c3415e96080/src/routers/quiz.js#L73
小程序 / 移动 H5,实际导航生成器,/pages/quizzes/quizset/records/index,/pages/quizzes/quizset/records/index,历史答题 / 试卷 / 成绩,未接入说明,题目 / 试卷 / 答题记录独立键（未建立）,S → H,不伪装成已上线 Campaign，不猜成绩,https://github.com/e-dialect/hinghwa-dict-uni-app/blob/330aa04df0b0423fedf513a683854c3415e96080/src/routers/quiz.js#L82
小程序 / 移动 H5,实际导航生成器,/pages/quizzes/quizset/records/detail?id=${rid},/pages/quizzes/quizset/records/detail?id=${rid},历史答题 / 试卷 / 成绩,未接入说明,题目 / 试卷 / 答题记录独立键（未建立）,S → H,不伪装成已上线 Campaign，不猜成绩,https://github.com/e-dialect/hinghwa-dict-uni-app/blob/330aa04df0b0423fedf513a683854c3415e96080/src/routers/quiz.js#L91
小程序 / 移动 H5,实际导航生成器,/pages/quizzes/quizset/questionCard?id=${paperId},/pages/quizzes/quizset/questionCard?id=${paperId},历史答题 / 试卷 / 成绩,未接入说明,题目 / 试卷 / 答题记录独立键（未建立）,S → H,不伪装成已上线 Campaign，不猜成绩,https://github.com/e-dialect/hinghwa-dict-uni-app/blob/330aa04df0b0423fedf513a683854c3415e96080/src/routers/quiz.js#L98
小程序 / 移动 H5,实际导航生成器,/pages/users/details?id=${id},/pages/users/details?id=${id},用户公开资料,/pages/users/details?id=<已核验 V2 ID>,auth_user → auth.User；仅内部核验,S → H,不公开身份映射敏感数据,https://github.com/e-dialect/hinghwa-dict-uni-app/blob/330aa04df0b0423fedf513a683854c3415e96080/src/routers/user.js#L7
小程序 / 移动 H5,实际导航生成器,/pages/users/settings/information,/pages/users/settings/information,账户设置,已登记的通用账户设置（含 telephone）,当前登录主体；无旧 ID 透传,ME,手机号修改仍须验证当前身份；不消费旧 token,https://github.com/e-dialect/hinghwa-dict-uni-app/blob/330aa04df0b0423fedf513a683854c3415e96080/src/routers/user.js#L16
小程序 / 移动 H5,实际导航生成器,/pages/users/pronunciations?id=${id},/pages/users/pronunciations?id=${id},用户历史贡献 / 证书 / 私人列表,映射后的公开用户详情；本人 ME,auth_user → auth.User；相关内容键,本人 ME / 公开访客 S → H,身份不能猜测；证书与历史行为未全部迁移,https://github.com/e-dialect/hinghwa-dict-uni-app/blob/330aa04df0b0423fedf513a683854c3415e96080/src/routers/user.js#L26
小程序 / 移动 H5,实际导航生成器,/pages/users/words?id=${id},/pages/users/words?id=${id},用户历史贡献 / 证书 / 私人列表,映射后的公开用户详情；本人 ME,auth_user → auth.User；相关内容键,本人 ME / 公开访客 S → H,身份不能猜测；证书与历史行为未全部迁移,https://github.com/e-dialect/hinghwa-dict-uni-app/blob/330aa04df0b0423fedf513a683854c3415e96080/src/routers/user.js#L32
小程序 / 移动 H5,实际导航生成器,/pages/users/settings/nickname,/pages/users/settings/nickname,账户设置,已登记的通用账户设置（含 telephone）,当前登录主体；无旧 ID 透传,ME,手机号修改仍须验证当前身份；不消费旧 token,https://github.com/e-dialect/hinghwa-dict-uni-app/blob/330aa04df0b0423fedf513a683854c3415e96080/src/routers/user.js#L41
小程序 / 移动 H5,实际导航生成器,/pages/users/settings/username,/pages/users/settings/username,账户设置,已登记的通用账户设置（含 telephone）,当前登录主体；无旧 ID 透传,ME,手机号修改仍须验证当前身份；不消费旧 token,https://github.com/e-dialect/hinghwa-dict-uni-app/blob/330aa04df0b0423fedf513a683854c3415e96080/src/routers/user.js#L50
小程序 / 移动 H5,实际导航生成器,/pages/users/settings/email,/pages/users/settings/email,账户设置,已登记的通用账户设置（含 telephone）,当前登录主体；无旧 ID 透传,ME,手机号修改仍须验证当前身份；不消费旧 token,https://github.com/e-dialect/hinghwa-dict-uni-app/blob/330aa04df0b0423fedf513a683854c3415e96080/src/routers/user.js#L59
小程序 / 移动 H5,实际导航生成器,/pages/users/settings/telephone,/pages/users/settings/telephone,账户设置,已登记的通用账户设置（含 telephone）,当前登录主体；无旧 ID 透传,ME,手机号修改仍须验证当前身份；不消费旧 token,https://github.com/e-dialect/hinghwa-dict-uni-app/blob/330aa04df0b0423fedf513a683854c3415e96080/src/routers/user.js#L68
小程序 / 移动 H5,实际导航生成器,/pages/users/settings/password,/pages/users/settings/password,账户设置,已登记的通用账户设置（含 telephone）,当前登录主体；无旧 ID 透传,ME,手机号修改仍须验证当前身份；不消费旧 token,https://github.com/e-dialect/hinghwa-dict-uni-app/blob/330aa04df0b0423fedf513a683854c3415e96080/src/routers/user.js#L77
小程序 / 移动 H5,实际导航生成器,/pages/index?status=me,/pages/index?status=me,我的账户参数入口,ME,当前登录主体；status=me 仅导航意图,通用登录 / H,不将账户意图降为品牌首页，不透传旧身份,https://github.com/e-dialect/hinghwa-dict-uni-app/blob/330aa04df0b0423fedf513a683854c3415e96080/src/routers/user.js#L88
小程序 / 移动 H5,实际导航生成器,/pages/index?status=me,/pages/index?status=me,我的账户参数入口,ME,当前登录主体；status=me 仅导航意图,通用登录 / H,不将账户意图降为品牌首页，不透传旧身份,https://github.com/e-dialect/hinghwa-dict-uni-app/blob/330aa04df0b0423fedf513a683854c3415e96080/src/routers/user.js#L92
小程序 / 移动 H5,实际导航生成器,/pages/words/details?id=${id},/pages/words/details?id=${id},词条详情 / 编辑,E；编辑另行授权 CUR,hinghwa-dict-backend / word_word / source_id / guantou.Entry,S → H / 用户主动 Q,按类型和可见性映射，不猜新 ID,https://github.com/e-dialect/hinghwa-dict-uni-app/blob/330aa04df0b0423fedf513a683854c3415e96080/src/routers/word.js#L24
小程序 / 移动 H5,实际导航生成器,/pages/words/details?id=${id},/pages/words/details?id=${id},词条详情 / 编辑,E；编辑另行授权 CUR,hinghwa-dict-backend / word_word / source_id / guantou.Entry,S → H / 用户主动 Q,按类型和可见性映射，不猜新 ID,https://github.com/e-dialect/hinghwa-dict-uni-app/blob/330aa04df0b0423fedf513a683854c3415e96080/src/routers/word.js#L31
小程序 / 移动 H5,实际导航生成器,/pages/words/pronunciations/upload?id=${id},/pages/words/pronunciations/upload?id=${id},录音贡献,REC；有映射才带 V2 entry_id,word_word → guantou.Entry；word / id 均为词 ID,通用 REC + 关联词未找到说明,禁止旧 ID 直传 entry_id；通用权限和授权,https://github.com/e-dialect/hinghwa-dict-uni-app/blob/330aa04df0b0423fedf513a683854c3415e96080/src/routers/word.js#L49
小程序 / 移动 H5,实际导航生成器,/pages/words/pronunciations/ranking,/pages/words/pronunciations/ranking,录音排名,历史能力说明,无直接排名映射,S → H,排名不等于录音审核,https://github.com/e-dialect/hinghwa-dict-uni-app/blob/330aa04df0b0423fedf513a683854c3415e96080/src/routers/word.js#L58
小程序 / 移动 H5,实际导航生成器,/pages/words/pronunciations?word=${word},/pages/words/pronunciations?word=${word},词条的发音列表,E 的关联录音区（锚点待实现）,word_word → guantou.Entry；word 参数,S → H / 用户主动 Q,word 不是 word_pronunciation；不自动选首条录音,https://github.com/e-dialect/hinghwa-dict-uni-app/blob/330aa04df0b0423fedf513a683854c3415e96080/src/routers/word.js#L68
小程序 / 移动 H5,实际导航生成器,/pages/lists/details?id=${id},./details?id=${id},词单详情 / 编辑,C（仅有审计映射时）；当前未接入说明,旧词单 → Collection（未建立）,S → H / 用户主动 Q,禁止同数字 ID；编辑需权限,https://github.com/e-dialect/hinghwa-dict-uni-app/blob/330aa04df0b0423fedf513a683854c3415e96080/src/pages/lists/index.vue#L130
小程序 / 移动 H5,实际导航生成器,/pages/lists/upload,./upload,词单详情 / 编辑,C（仅有审计映射时）；当前未接入说明,旧词单 → Collection（未建立）,S → H / 用户主动 Q,禁止同数字 ID；编辑需权限,https://github.com/e-dialect/hinghwa-dict-uni-app/blob/330aa04df0b0423fedf513a683854c3415e96080/src/pages/lists/index.vue#L135
小程序 / 移动 H5,实际导航生成器,/pages/mails/details?id=${id},./details?id=${id},消息列表 / 详情 / 发送,/pages/mails/index；旧详情未接入说明,旧 message / user 独立键（缺少）,消息列表 / ME,旧 ID 不能用于新消息；不自动发送,https://github.com/e-dialect/hinghwa-dict-uni-app/blob/330aa04df0b0423fedf513a683854c3415e96080/src/pages/mails/index.vue#L85
小程序 / 移动 H5,实际导航生成器,/pages/mails/send,./send,消息列表 / 详情 / 发送,/pages/mails/index；旧详情未接入说明,旧 message / user 独立键（缺少）,消息列表 / ME,旧 ID 不能用于新消息；不自动发送,https://github.com/e-dialect/hinghwa-dict-uni-app/blob/330aa04df0b0423fedf513a683854c3415e96080/src/pages/mails/index.vue#L90
小程序 / 移动 H5,实际导航生成器,/pages/products/index,/pages/products/index,积分 / 兑换 / 订单 / 管理,ME 的迁移说明（待实现）,商品 / 订单 / 交易独立键；当前不支持,ME / H,无自动兑现承诺；管理动作重新鉴权,https://github.com/e-dialect/hinghwa-dict-uni-app/blob/330aa04df0b0423fedf513a683854c3415e96080/src/pages/products/history.vue#L88
小程序 / 移动 H5,实际导航生成器,/pages/products/details?id=${id},/pages/products/details?id=${id},积分 / 兑换 / 订单 / 管理,ME 的迁移说明（待实现）,商品 / 订单 / 交易独立键；当前不支持,ME / H,无自动兑现承诺；管理动作重新鉴权,https://github.com/e-dialect/hinghwa-dict-uni-app/blob/330aa04df0b0423fedf513a683854c3415e96080/src/pages/products/index.vue#L103
小程序 / 移动 H5,实际导航生成器,/pages/products/upload,/pages/products/upload,积分 / 兑换 / 订单 / 管理,ME 的迁移说明（待实现）,商品 / 订单 / 交易独立键；当前不支持,ME / H,无自动兑现承诺；管理动作重新鉴权,https://github.com/e-dialect/hinghwa-dict-uni-app/blob/330aa04df0b0423fedf513a683854c3415e96080/src/pages/products/index.vue#L115
小程序 / 移动 H5,实际导航生成器,/pages/quizzes/quizset/detail?id=${qid}&index=${index},/pages/quizzes/quizset/detail?id=${qid}&index=${index},历史答题 / 试卷 / 成绩,未接入说明,题目 / 试卷 / 答题记录独立键（未建立）,S → H,不伪装成已上线 Campaign，不猜成绩,https://github.com/e-dialect/hinghwa-dict-uni-app/blob/330aa04df0b0423fedf513a683854c3415e96080/src/pages/quizzes/quizset/questionCard.vue#L76
小程序 / 移动 H5,实际导航生成器,/pages/quizzes/quizset/index,/pages/quizzes/quizset/index,历史答题 / 试卷 / 成绩,未接入说明,题目 / 试卷 / 答题记录独立键（未建立）,S → H,不伪装成已上线 Campaign，不猜成绩,https://github.com/e-dialect/hinghwa-dict-uni-app/blob/330aa04df0b0423fedf513a683854c3415e96080/src/pages/quizzes/quizset/questionCard.vue#L110
小程序 / 移动 H5,工具数据入口（运行时添加 /pages 前缀）,/pages/tools/pinyin,/tools/pinyin,历史语言工具,Q / 历史能力说明,字符与工具筛选语义；不直接映射 Entry,Q / S → H,拼音条件不等价；异常字符分享路径也需 fallback,https://github.com/e-dialect/hinghwa-dict-uni-app/blob/330aa04df0b0423fedf513a683854c3415e96080/src/pages/tools/index.vue#L40
小程序 / 移动 H5,工具数据入口（运行时添加 /pages 前缀）,/pages/tools/dictionary,/tools/dictionary,历史语言工具,Q / 历史能力说明,字符与工具筛选语义；不直接映射 Entry,Q / S → H,拼音条件不等价；异常字符分享路径也需 fallback,https://github.com/e-dialect/hinghwa-dict-uni-app/blob/330aa04df0b0423fedf513a683854c3415e96080/src/pages/tools/index.vue#L44
小程序 / 移动 H5,工具数据入口（运行时添加 /pages 前缀）,/pages/lists/index,/lists/index,词单列表,/pages/collections/index,无对象键,S → H,新列表不代表旧词单已迁入,https://github.com/e-dialect/hinghwa-dict-uni-app/blob/330aa04df0b0423fedf513a683854c3415e96080/src/pages/tools/index.vue#L48
小程序 / 移动 H5,工具数据入口（运行时添加 /pages 前缀）,/pages/quizzes/index,/quizzes/index,历史答题 / 试卷 / 成绩,未接入说明,题目 / 试卷 / 答题记录独立键（未建立）,S → H,不伪装成已上线 Campaign，不猜成绩,https://github.com/e-dialect/hinghwa-dict-uni-app/blob/330aa04df0b0423fedf513a683854c3415e96080/src/pages/tools/index.vue#L53
小程序 / 移动 H5,工具数据入口（运行时添加 /pages 前缀）,/pages/tools/condition,/tools/condition,历史语言工具,Q / 历史能力说明,字符与工具筛选语义；不直接映射 Entry,Q / S → H,拼音条件不等价；异常字符分享路径也需 fallback,https://github.com/e-dialect/hinghwa-dict-uni-app/blob/330aa04df0b0423fedf513a683854c3415e96080/src/pages/tools/index.vue#L57
小程序 / 移动 H5,工具数据入口（运行时添加 /pages 前缀）,/pages/tools/daily-expression/index,/tools/daily-expression/index,历史语言工具,Q / 历史能力说明,字符与工具筛选语义；不直接映射 Entry,Q / S → H,拼音条件不等价；异常字符分享路径也需 fallback,https://github.com/e-dialect/hinghwa-dict-uni-app/blob/330aa04df0b0423fedf513a683854c3415e96080/src/pages/tools/index.vue#L61
小程序 / 移动 H5,工具数据入口（运行时添加 /pages 前缀）,/pages/words/pronunciations/ranking,/words/pronunciations/ranking,录音排名,历史能力说明,无直接排名映射,S → H,排名不等于录音审核,https://github.com/e-dialect/hinghwa-dict-uni-app/blob/330aa04df0b0423fedf513a683854c3415e96080/src/pages/tools/index.vue#L65
小程序 / 移动 H5,工具数据入口（运行时添加 /pages 前缀）,/pages/tools/relative,/tools/relative,历史语言工具,Q / 历史能力说明,字符与工具筛选语义；不直接映射 Entry,Q / S → H,拼音条件不等价；异常字符分享路径也需 fallback,https://github.com/e-dialect/hinghwa-dict-uni-app/blob/330aa04df0b0423fedf513a683854c3415e96080/src/pages/tools/index.vue#L69
小程序 / 移动 H5,实际导航生成器,/pages/error/not-found,/pages/error/not-found,错误 / 无权访问,错误说明,无,H,保留错误语义，403 不伪装为成功,https://github.com/e-dialect/hinghwa-dict-uni-app/blob/330aa04df0b0423fedf513a683854c3415e96080/src/App.vue#L20
